A,B,C,D,Pretty Formula,sus_factor
Fe5+,Au1+,Li1+,O2-,Li7Fe3(AuO6)2,1157.7162586009915
Na1+,Cl7+,Li1+,O2-,Na3Li7(ClO6)2,1158.8895636681066
Fe5+,Na1+,Li1+,O2-,Na2Li7(FeO4)3,1227.9399277432824
Mn5+,Au1+,Li1+,O2-,Li7Mn3(AuO6)2,1239.3679814720851
Fe5+,N1+,Li1+,O2-,Li7Fe3(NO6)2,1257.9271416065276
Fe5+,C1+,Li1+,O2-,Li7Fe3(CO6)2,1264.9287423733535
Fe3+,C4+,Li1+,O2-,Li7Fe3(CO6)2,1264.9287423733535
Fe3+,S4+,Li1+,O2-,Li7Fe3(SO6)2,1267.8610754422282
Na1+,Mn7+,Li1+,O2-,Na3Li7Mn2O12,1269.1736659156747
Fe3+,Si4+,Li1+,O2-,Li7Fe3(SiO6)2,1272.4528727779311
Ag3+,S4+,Li1+,O2-,Li7Ag3(SO6)2,1300.6836068057648
Ag3+,C4+,Li1+,O2-,Li7Ag3(CO6)2,1300.7674184783623
Ag3+,Si4+,Li1+,O2-,Li7Si2(AgO4)3,1304.5413000354315
Ti3+,S4+,Li1+,O2-,Li7Ti3(SO6)2,1324.869710923761
Ti3+,C4+,Li1+,O2-,Li7Ti3(CO6)2,1327.3669274687888
Fe3+,Fe4+,Li1+,O2-,Li7Fe5O12,1329.300537432513
Ti3+,Si4+,Li1+,O2-,Li7Ti3(SiO6)2,1330.7414662549352
Fe5+,Ag1+,Li1+,O2-,Li7Fe3(AgO6)2,1341.0918501078463
Ag3+,Fe4+,Li1+,O2-,Li7Fe2(AgO4)3,1345.6261104134144
Fe5+,Ni1+,Li1+,O2-,Li7Fe3(NiO6)2,1352.4050164642697
Fe3+,Ni4+,Li1+,O2-,Li7Fe3(NiO6)2,1352.4050164642697
Ag1+,Cl7+,Li1+,O2-,Li7Ag3(ClO6)2,1353.2990578978993
Fe5+,Cu1+,Li1+,O2-,Li7Fe3(CuO6)2,1355.0814376797905
Ag3+,Ni4+,Li1+,O2-,Li7Ni2(AgO4)3,1363.3035550797915
Fe3+,Ti4+,Li1+,O2-,Li7Ti2(FeO4)3,1365.062693411198
Mn5+,Na1+,Li1+,O2-,Na2Li7Mn3O12,1372.958422638947
Ag3+,Ti4+,Li1+,O2-,Li7Ti2(AgO4)3,1373.3253080986983
Ti3+,Fe4+,Li1+,O2-,Li7Ti3(FeO6)2,1383.8068303275772
Mn7+,O2-,Li1+,O2-,Li7Mn3O14,1400.8615003630548
Fe5+,Li1+,Li1+,O2-,Li3FeO4,1405.0229764775463
Ti3+,Ni4+,Li1+,O2-,Li7Ti3(NiO6)2,1407.3947360236189
Mn3+,S4+,Li1+,O2-,Li7Mn3(SO6)2,1407.504908136366
Mn7+,S2-,Li1+,O2-,Li7Mn3(SO6)2,1407.504908136366
Mn5+,N1+,Li1+,O2-,Li7Mn3(NO6)2,1409.1453782156227
Ag3+,Mn4+,Li1+,O2-,Li7Mn2(AgO4)3,1410.6822994476358
Ag1+,Mn7+,Li1+,O2-,Li7Mn2(AgO4)3,1410.6822994476358
Ag3+,Sn4+,Li1+,O2-,Li7Ag3(SnO6)2,1413.390744861181
Fe5+,Mn1+,Li1+,O2-,Li7Mn2(FeO4)3,1413.900854511167
Fe3+,Mn4+,Li1+,O2-,Li7Mn2(FeO4)3,1413.900854511167
Mn3+,Si4+,Li1+,O2-,Li7Mn3(SiO6)2,1414.5317234724516
Fe3+,Sn4+,Li1+,O2-,Li7Fe3(SnO6)2,1416.628197271472
Mn5+,C1+,Li1+,O2-,Li7Mn3(CO6)2,1417.597121909957
Mn3+,C4+,Li1+,O2-,Li7Mn3(CO6)2,1417.597121909957
Ti3+,Ti4+,Li1+,O2-,Li7Ti5O12,1423.1646950667075
Mn5+,Ag1+,Li1+,O2-,Li7Mn3(AgO6)2,1446.9719998460546
Ag3+,Ge4+,Li1+,O2-,Li7Ag3(GeO6)2,1450.5875700035126
Mn3+,Fe4+,Li1+,O2-,Li7Mn3(FeO6)2,1456.423593976092
Ag3+,Se4+,Li1+,O2-,Li7Ag3(SeO6)2,1458.4542622922668
Ti3+,Sn4+,Li1+,O2-,Li7Ti3(SnO6)2,1463.4720547335205
Fe3+,Ge4+,Li1+,O2-,Li7Fe3(GeO6)2,1464.8543860549464
Ti3+,Mn4+,Li1+,O2-,Li7Ti3Mn2O12,1472.7056270786954
Fe3+,Se4+,Li1+,O2-,Li7Fe3(SeO6)2,1474.5715281109924
Mn1+,Cl7+,Li1+,O2-,Li7Mn3(ClO6)2,1476.1417991795445
Mn3+,Ni4+,Li1+,O2-,Li7Mn3(NiO6)2,1478.2630484652425
Mn5+,Ni1+,Li1+,O2-,Li7Mn3(NiO6)2,1478.2630484652425
Mn5+,Cu1+,Li1+,O2-,Li7Mn3(CuO6)2,1478.6592306893515
Li1+,Cl7+,Li1+,O2-,Li5ClO6,1486.2001848882724
Mn3+,Ti4+,Li1+,O2-,Li7Ti2Mn3O12,1496.4275400053284
Mn3+,Sn4+,Li1+,O2-,Li7Mn3(SnO6)2,1519.2564906048592
Ti3+,Ge4+,Li1+,O2-,Li7Ti3(GeO6)2,1522.0303372789826
Ti3+,Se4+,Li1+,O2-,Li7Ti3(SeO6)2,1530.8433413121695
Ag3+,Pb4+,Li1+,O2-,Li7Ag3(PbO6)2,1531.8333707342974
V5+,Au1+,Li1+,O2-,Li7V3(AuO6)2,1541.3953146731988
Mn5+,Mn1+,Li1+,O2-,Li7Mn5O12,1541.9181525259496
Mn1+,Mn7+,Li1+,O2-,Li7Mn5O12,1541.9181525259496
Mn3+,Mn4+,Li1+,O2-,Li7Mn5O12,1541.9181525259496
Fe3+,Pb4+,Li1+,O2-,Li7Fe3(PbO6)2,1556.8483387776123
Fe5+,In1+,Li1+,O2-,Li7In2(FeO4)3,1558.4187428694718
Mn5+,Li1+,Li1+,O2-,Li3MnO4,1562.2924864504805
Ag3+,Co4+,Li1+,O2-,Li7Co2(AgO4)3,1570.773773313861
Li1+,Mn7+,Li1+,O2-,Li5MnO6,1576.4304886819718
Mn3+,Ge4+,Li1+,O2-,Li7Mn3(GeO6)2,1584.8929602960052
Mn3+,Se4+,Li1+,O2-,Li7Mn3(SeO6)2,1591.9635345076274
Mn7+,Se2-,Li1+,O2-,Li7Mn3(SeO6)2,1591.9635345076274
Ti3+,Pb4+,Li1+,O2-,Li7Ti3(PbO6)2,1597.5132384850726
Fe5+,Co1+,Li1+,O2-,Li7Fe3(CoO6)2,1621.445917105895
Fe3+,Co4+,Li1+,O2-,Li7Fe3(CoO6)2,1621.445917105895
In3+,S4+,Li1+,O2-,Li7In3(SO6)2,1622.240488456072
In3+,Si4+,Li1+,O2-,Li7In3(SiO6)2,1629.9640925956887
Mn3+,Pb4+,Li1+,O2-,Li7Mn3(PbO6)2,1637.786260275273
In3+,C4+,Li1+,O2-,Li7In3(CO6)2,1643.497173983573
In3+,Fe4+,Li1+,O2-,Li7In3(FeO6)2,1643.8878648899315
Ag3+,Zr4+,Li1+,O2-,Li7Zr2(AgO4)3,1644.0125555762113
Ag3+,V4+,Li1+,O2-,Li7V2(AgO4)3,1650.7495187423974
In3+,Ni4+,Li1+,O2-,Li7In3(NiO6)2,1658.6216292631511
Mn5+,In1+,Li1+,O2-,Li7Mn3In2O12,1662.9125412804358
In3+,Sn4+,Li1+,O2-,Li7In3(SnO6)2,1664.3388358105951
In1+,Cl7+,Li1+,O2-,Li7In3(ClO6)2,1669.861776949653
In3+,Ti4+,Li1+,O2-,Li7Ti2In3O12,1677.7294695783205
Cr5+,Au1+,Li1+,O2-,Li7Cr3(AuO6)2,1686.9637944830138
Ti3+,Co4+,Li1+,O2-,Li7Ti3(CoO6)2,1689.2090422814636
Ag3+,P4+,Li1+,O2-,Li7Ag3(PO6)2,1707.3727938523064
In3+,Mn4+,Li1+,O2-,Li7Mn2In3O12,1707.7707183013326
In1+,Mn7+,Li1+,O2-,Li7Mn2In3O12,1707.7707183013326
Fe3+,Zr4+,Li1+,O2-,Li7Zr2(FeO4)3,1708.4984018634432
Fe3+,V4+,Li1+,O2-,Li7V2(FeO4)3,1727.4839224796658
In3+,Ge4+,Li1+,O2-,Li7In3(GeO6)2,1732.1345974839858
In3+,Se4+,Li1+,O2-,Li7In3(SeO6)2,1734.99052027192
In3+,Pb4+,Li1+,O2-,Li7In3(PbO6)2,1735.87265109505
Co3+,S4+,Li1+,O2-,Li7Co3(SO6)2,1747.7347393758484
Mn5+,Co1+,Li1+,O2-,Li7Mn3(CoO6)2,1748.5875620323404
Mn3+,Co4+,Li1+,O2-,Li7Mn3(CoO6)2,1748.5875620323404
Co3+,Si4+,Li1+,O2-,Li7Co3(SiO6)2,1760.3019782150532
Co3+,Fe4+,Li1+,O2-,Li7Fe2(CoO4)3,1764.960713990283
Ag3+,Cr4+,Li1+,O2-,Li7Cr2(AgO4)3,1765.2163514855204
Co3+,Sn4+,Li1+,O2-,Li7Co3(SnO6)2,1767.4003763763462
Ti3+,Zr4+,Li1+,O2-,Li7Zr2Ti3O12,1772.215249207241
Co3+,Ni4+,Li1+,O2-,Li7Co3(NiO6)2,1783.023882671265
Co3+,C4+,Li1+,O2-,Li7Co3(CO6)2,1788.468453901821
Ti3+,V4+,Li1+,O2-,Li7Ti3V2O12,1802.6966830280303
Fe5+,P1+,Li1+,O2-,Li7Fe3(PO6)2,1809.426386616767
Fe3+,P4+,Li1+,O2-,Li7Fe3(PO6)2,1809.426386616767
Co1+,Cl7+,Li1+,O2-,Li7Co3(ClO6)2,1809.965455959736
Co3+,Ti4+,Li1+,O2-,Li7Ti2(CoO4)3,1813.6246426313744
Mn3+,Zr4+,Li1+,O2-,Li7Zr2Mn3O12,1822.074913726596
Ag3+,Hf4+,Li1+,O2-,Li7Hf2(AgO4)3,1825.1424392866245
Co3+,Pb4+,Li1+,O2-,Li7Co3(PbO6)2,1831.4239412172976
V5+,Ag1+,Li1+,O2-,Li7V3(AgO6)2,1841.440015418441
Y3+,Sn4+,Li1+,O2-,Li7Y3(SnO6)2,1844.1888456069944
Co1+,Mn7+,Li1+,O2-,Li7Mn2(CoO4)3,1849.5732860810976
Co3+,Mn4+,Li1+,O2-,Li7Mn2(CoO4)3,1849.5732860810976
Y3+,S4+,Li1+,O2-,Li7Y3(SO6)2,1850.904458808281
Zr3+,Sn4+,Li1+,O2-,Li7Zr3(SnO6)2,1851.181592817504
Y3+,Fe4+,Li1+,O2-,Li7Y3(FeO6)2,1857.7010176379213
Mn3+,V4+,Li1+,O2-,Li7Mn3V2O12,1859.2003261492664
In3+,Co4+,Li1+,O2-,Li7In3(CoO6)2,1859.736377365327
Zr3+,S4+,Li1+,O2-,Li7Zr3(SO6)2,1859.9115670652156
Y3+,Si4+,Li1+,O2-,Li7Y3(SiO6)2,1862.923498720026
Zr3+,Fe4+,Li1+,O2-,Li7Zr3(FeO6)2,1865.948239916235
Zr3+,Si4+,Li1+,O2-,Li7Zr3(SiO6)2,1871.9097483480675
Co3+,Ge4+,Li1+,O2-,Li7Co3(GeO6)2,1872.2742525657864
Y3+,Ni4+,Li1+,O2-,Li7Y3(NiO6)2,1872.3184028280527
Co3+,Se4+,Li1+,O2-,Li7Co3(SeO6)2,1872.883419647668
Fe3+,Cr4+,Li1+,O2-,Li7Cr2(FeO4)3,1876.5195945378605
Zr3+,Ni4+,Li1+,O2-,Li7Zr3(NiO6)2,1880.3303028029004
Y3+,Pb4+,Li1+,O2-,Li7Y3(PbO6)2,1887.2219064099515
Y3+,C4+,Li1+,O2-,Li7Y3(CO6)2,1892.5327404688803
Zr3+,Pb4+,Li1+,O2-,Li7Zr3(PbO6)2,1892.5597301378195
Ti3+,P4+,Li1+,O2-,Li7Ti3(PO6)2,1895.767936940045
V3+,Sn4+,Li1+,O2-,Li7V3(SnO6)2,1901.5391448934352
Y3+,Ti4+,Li1+,O2-,Li7Y3Ti2O12,1901.5625472871352
Zr3+,C4+,Li1+,O2-,Li7Zr3(CO6)2,1901.6731652253911
In3+,Zr4+,Li1+,O2-,Li7Zr2In3O12,1906.6700995385168
Zr3+,Ti4+,Li1+,O2-,Li7Zr3Ti2O12,1909.5254348543851
Fe3+,Hf4+,Li1+,O2-,Li7Hf2(FeO4)3,1911.8660850916776
V5+,Na1+,Li1+,O2-,Na2Li7V3O12,1917.810341048608
Ag3+,Ce4+,Li1+,O2-,Li7Ce2(AgO4)3,1920.6489120770275
Ag3+,Pr4+,Li1+,O2-,Li7Pr2(AgO4)3,1922.8560837551129
Y3+,Mn4+,Li1+,O2-,Li7Y3Mn2O12,1930.258683847445
V3+,S4+,Li1+,O2-,Li7V3(SO6)2,1931.6477475022093
V3+,Fe4+,Li1+,O2-,Li7V3(FeO6)2,1932.3740141197395
Zr3+,Mn4+,Li1+,O2-,Li7Zr3Mn2O12,1937.7213891210663
V3+,Pb4+,Li1+,O2-,Li7V3(PbO6)2,1938.074729238257
V5+,Cu1+,Li1+,O2-,Li7V3(CuO6)2,1941.0380054574837
In3+,V4+,Li1+,O2-,Li7V2In3O12,1944.0083573440045
Y3+,Se4+,Li1+,O2-,Li7Y3(SeO6)2,1944.5906364288303
Y3+,Ge4+,Li1+,O2-,Li7Y3(GeO6)2,1945.454328134435
V3+,Si4+,Li1+,O2-,Li7V3(SiO6)2,1948.1410566817167
V5+,Ni1+,Li1+,O2-,Li7V3(NiO6)2,1949.417873569058
V3+,Ni4+,Li1+,O2-,Li7V3(NiO6)2,1949.417873569058
Zr3+,Se4+,Li1+,O2-,Li7Zr3(SeO6)2,1951.3716582576064
Zr3+,Ge4+,Li1+,O2-,Li7Zr3(GeO6)2,1952.356201778292
Mn3+,P4+,Li1+,O2-,Li7Mn3(PO6)2,1952.875350183729
Mn5+,P1+,Li1+,O2-,Li7Mn3(PO6)2,1952.875350183729
Ti3+,Cr4+,Li1+,O2-,Li7Ti3Cr2O12,1958.7142672781983
Ti3+,Hf4+,Li1+,O2-,Li7Hf2Ti3O12,1967.1458609251868
Ag3+,Tb4+,Li1+,O2-,Li7Tb2(AgO4)3,1970.9481062601703
V5+,N1+,Li1+,O2-,Li7V3(NO6)2,1978.25530346732
V3+,Ti4+,Li1+,O2-,Li7Ti2V3O12,1988.8843298510872
V5+,C1+,Li1+,O2-,Li7V3(CO6)2,1992.392418578923
V3+,C4+,Li1+,O2-,Li7V3(CO6)2,1992.392418578923
Mn3+,Hf4+,Li1+,O2-,Li7Hf2Mn3O12,2000.1670741799428
Mn3+,Cr4+,Li1+,O2-,Li7Mn3Cr2O12,2008.486671903624
In3+,P4+,Li1+,O2-,Li7In3(PO6)2,2016.9085628814844
V5+,Mn1+,Li1+,O2-,Li7Mn2V3O12,2021.620715243842
V3+,Mn4+,Li1+,O2-,Li7Mn2V3O12,2021.620715243842
Cr5+,Ag1+,Li1+,O2-,Li7Cr3(AgO6)2,2027.8224151545512
V3+,Se4+,Li1+,O2-,Li7V3(SeO6)2,2030.9518372398968
V3+,Ge4+,Li1+,O2-,Li7V3(GeO6)2,2034.024566893819
In3+,Hf4+,Li1+,O2-,Li7Hf2In3O12,2035.1270862486303
Fe3+,Ce4+,Li1+,O2-,Li7Ce2(FeO4)3,2038.6961920938688
Fe3+,Pr4+,Li1+,O2-,Li7Pr2(FeO4)3,2041.1317465349027
Co3+,Co4+,Li1+,O2-,Li7Co5O12,2047.022104004464
V5+,In1+,Li1+,O2-,Li7V3In2O12,2052.735754011418
In3+,Cr4+,Li1+,O2-,Li7Cr2In3O12,2054.1138070261504
Cr3+,Pb4+,Li1+,O2-,Li7Cr3(PbO6)2,2078.421863942614
Cr3+,Sn4+,Li1+,O2-,Li7Cr3(SnO6)2,2081.2469981692084
Co3+,Zr4+,Li1+,O2-,Li7Zr2(CoO4)3,2086.909518977697
Sc3+,Pb4+,Li1+,O2-,Li7Sc3(PbO6)2,2092.665402706276
Fe3+,Tb4+,Li1+,O2-,Li7Tb2(FeO4)3,2093.6917387947497
Y3+,Co4+,Li1+,O2-,Li7Y3(CoO6)2,2098.276977804247
Sc3+,Sn4+,Li1+,O2-,Li7Sc3(SnO6)2,2099.701055139589
Zr3+,Co4+,Li1+,O2-,Li7Zr3(CoO6)2,2103.796843751641
Ti3+,Ce4+,Li1+,O2-,Li7Ce2Ti3O12,2104.9302481830573
Ti3+,Pr4+,Li1+,O2-,Li7Pr2Ti3O12,2107.2958685493804
Ag1+,Re7+,Li1+,O2-,Li7Re2(AgO4)3,2116.247945757755
Ag3+,Re4+,Li1+,O2-,Li7Re2(AgO4)3,2116.247945757755
Y3+,Zr4+,Li1+,O2-,Li7Y3Zr2O12,2128.165459904877
Zr3+,Zr4+,Li1+,O2-,Li7Zr5O12,2132.875307270076
Mn3+,Ce4+,Li1+,O2-,Li7Ce2Mn3O12,2137.384786939251
Mn3+,Pr4+,Li1+,O2-,Li7Pr2Mn3O12,2139.602610258868
In3+,Ce4+,Li1+,O2-,Li7Ce2In3O12,2146.957616954236
In3+,Pr4+,Li1+,O2-,Li7Pr2In3O12,2148.698348997536
V5+,Li1+,Li1+,O2-,Li3VO4,2155.6568438466998
Cr3+,Fe4+,Li1+,O2-,Li7Cr3(FeO6)2,2156.345034147021
Ti3+,Tb4+,Li1+,O2-,Li7Tb2Ti3O12,2158.2515456927504
Cr5+,Cu1+,Li1+,O2-,Li7Cr3(CuO6)2,2158.3691978823667
Co3+,V4+,Li1+,O2-,Li7V2(CoO4)3,2164.267838310684
Cr5+,Ni1+,Li1+,O2-,Li7Cr3(NiO6)2,2170.801426350833
Cr3+,Ni4+,Li1+,O2-,Li7Cr3(NiO6)2,2170.801426350833
Cr5+,Na1+,Li1+,O2-,Na2Li7Cr3O12,2175.141194769908
Cr3+,S4+,Li1+,O2-,Li7Cr3(SO6)2,2178.745321502303
La3+,Pb4+,Li1+,O2-,Li7La3(PbO6)2,2181.4042535430817
Sc3+,Fe4+,Li1+,O2-,Li7Sc3(FeO6)2,2182.8180614683733
Ce3+,Pb4+,Li1+,O2-,Li7Ce3(PbO6)2,2184.506529078854
Pr3+,Pb4+,Li1+,O2-,Li7Pr3(PbO6)2,2186.52401601462
In3+,Tb4+,Li1+,O2-,Li7Tb2In3O12,2186.666146112819
Mn3+,Tb4+,Li1+,O2-,Li7Tb2Mn3O12,2187.4540597179816
Nd3+,Pb4+,Li1+,O2-,Li7Nd3(PbO6)2,2194.9247673405807
Fe5+,Hg1+,Li1+,O2-,Li7Fe3(HgO6)2,2197.3065933452185
Sc3+,Ni4+,Li1+,O2-,Li7Sc3(NiO6)2,2197.5879781233425
Cr3+,Si4+,Li1+,O2-,Li7Cr3(SiO6)2,2199.467264921452
Y3+,V4+,Li1+,O2-,Li7Y3V2O12,2199.561476334554
Co3+,Hf4+,Li1+,O2-,Li7Hf2(CoO4)3,2202.554411476526
La3+,Sn4+,Li1+,O2-,Li7La3(SnO6)2,2203.7766265573755
Zr3+,V4+,Li1+,O2-,Li7Zr3V2O12,2204.081314673347
Ce3+,Sn4+,Li1+,O2-,Li7Ce3(SnO6)2,2207.3996285180424
Sc3+,S4+,Li1+,O2-,Li7Sc3(SO6)2,2209.158868391309
Pr3+,Sn4+,Li1+,O2-,Li7Pr3(SnO6)2,2209.7531621134253
Sm3+,Pb4+,Li1+,O2-,Li7Sm3(PbO6)2,2209.94362149316
Eu3+,Pb4+,Li1+,O2-,Li7Eu3(PbO6)2,2213.7991080518923
Nd3+,Sn4+,Li1+,O2-,Li7Nd3(SnO6)2,2219.5312793378644
Cr3+,Ti4+,Li1+,O2-,Li7Ti2Cr3O12,2219.7513071750045
Y3+,Hf4+,Li1+,O2-,Li7Y3Hf2O12,2223.447635183312
V3+,Co4+,Li1+,O2-,Li7V3(CoO6)2,2225.63971543137
V5+,Co1+,Li1+,O2-,Li7V3(CoO6)2,2225.63971543137
Gd3+,Pb4+,Li1+,O2-,Li7Gd3(PbO6)2,2226.2718177863053
Zr3+,Hf4+,Li1+,O2-,Li7Hf2Zr3O12,2226.4533962144174
Tb3+,Pb4+,Li1+,O2-,Li7Tb3(PbO6)2,2230.151984635202
Sc3+,Si4+,Li1+,O2-,Li7Sc3(SiO6)2,2231.4556296071582
Cr5+,In1+,Li1+,O2-,Li7Cr3In2O12,2233.9135594928234
Cr3+,Se4+,Li1+,O2-,Li7Cr3(SeO6)2,2235.686987691891
Sm3+,Sn4+,Li1+,O2-,Li7Sm3(SnO6)2,2236.924965971707
Dy3+,Pb4+,Li1+,O2-,Li7Dy3(PbO6)2,2238.316861269669
Eu3+,Sn4+,Li1+,O2-,Li7Eu3(SnO6)2,2241.372073295857
Cr3+,Ge4+,Li1+,O2-,Li7Cr3(GeO6)2,2243.5177497162026
Ho3+,Pb4+,Li1+,O2-,Li7Ho3(PbO6)2,2243.780991612624
Cr5+,Mn1+,Li1+,O2-,Li7Mn2Cr3O12,2245.8363911727374
Cr3+,Mn4+,Li1+,O2-,Li7Mn2Cr3O12,2245.8363911727374
Cr5+,N1+,Li1+,O2-,Li7Cr3(NO6)2,2246.0246854844127
V3+,Zr4+,Li1+,O2-,Li7Zr2V3O12,2247.155911333514
Er3+,Pb4+,Li1+,O2-,Li7Er3(PbO6)2,2248.9519836840377
Sc3+,Ti4+,Li1+,O2-,Li7Sc3Ti2O12,2249.9629781757835
Tm3+,Pb4+,Li1+,O2-,Li7Tm3(PbO6)2,2252.633441013564
Gd3+,Sn4+,Li1+,O2-,Li7Gd3(SnO6)2,2255.708608730426
Fe5+,K1+,Li1+,O2-,K2Li7(FeO4)3,2257.0441902040543
Fe3+,Re4+,Li1+,O2-,Li7Fe3(ReO6)2,2259.4643528848646
Fe5+,Re1+,Li1+,O2-,Li7Fe3(ReO6)2,2259.4643528848646
Tb3+,Sn4+,Li1+,O2-,Li7Tb3(SnO6)2,2260.153055819332
Yb3+,Pb4+,Li1+,O2-,Li7Yb3(PbO6)2,2261.523083472121
Cr3+,C4+,Li1+,O2-,Li7Cr3(CO6)2,2262.596974009099
Cr5+,C1+,Li1+,O2-,Li7Cr3(CO6)2,2262.596974009099
Sc3+,Se4+,Li1+,O2-,Li7Sc3(SeO6)2,2263.007270843721
Lu3+,Pb4+,Li1+,O2-,Li7Lu3(PbO6)2,2265.6313247914536
Dy3+,Sn4+,Li1+,O2-,Li7Dy3(SnO6)2,2269.48136084544
Sc3+,Ge4+,Li1+,O2-,Li7Sc3(GeO6)2,2271.8188115943994
La3+,Fe4+,Li1+,O2-,Li7La3(FeO6)2,2273.4460621862127
Ho3+,Sn4+,Li1+,O2-,Li7Ho3(SnO6)2,2275.7060069114964
Sc3+,Mn4+,Li1+,O2-,Li7Sc3Mn2O12,2276.302893195643
Ce3+,Fe4+,Li1+,O2-,Li7Ce3(FeO6)2,2277.331172023218
Pr3+,Fe4+,Li1+,O2-,Li7Pr3(FeO6)2,2279.852224424035
Co3+,P4+,Li1+,O2-,Li7Co3(PO6)2,2281.017467141616
Er3+,Sn4+,Li1+,O2-,Li7Er3(SnO6)2,2281.5834177743336
Mn5+,Hg1+,Li1+,O2-,Li7Mn3(HgO6)2,2281.7316096384893
La3+,Ni4+,Li1+,O2-,Li7La3(NiO6)2,2282.175868294827
Tm3+,Sn4+,Li1+,O2-,Li7Tm3(SnO6)2,2285.759949840904
Ce3+,Ni4+,Li1+,O2-,Li7Ce3(NiO6)2,2285.9918084538053
Pr3+,Ni4+,Li1+,O2-,Li7Pr3(NiO6)2,2288.4681177044063
Nd3+,Fe4+,Li1+,O2-,Li7Nd3(FeO6)2,2290.303209265579
Na1+,Re7+,Li1+,O2-,Na3Li7(ReO6)2,2292.664567841735
La3+,S4+,Li1+,O2-,Li7La3(SO6)2,2295.470622005818
Yb3+,Sn4+,Li1+,O2-,Li7Yb3(SnO6)2,2295.8182156246426
Nd3+,Ni4+,Li1+,O2-,Li7Nd3(NiO6)2,2298.7348054098397
Ce3+,S4+,Li1+,O2-,Li7Ce3(SO6)2,2299.5002605309537
Y3+,P4+,Li1+,O2-,Li7Y3(PO6)2,2300.345356118218
Lu3+,Sn4+,Li1+,O2-,Li7Lu3(SnO6)2,2300.453743780043
Sc3+,C4+,Li1+,O2-,Li7Sc3(CO6)2,2300.4975585886355
Pr3+,S4+,Li1+,O2-,Li7Pr3(SO6)2,2302.1137624062158
Zr3+,P4+,Li1+,O2-,Li7Zr3(PO6)2,2303.96204421788
Sm3+,Fe4+,Li1+,O2-,Li7Sm3(FeO6)2,2308.8022179130435
Co3+,Cr4+,Li1+,O2-,Li7Cr2(CoO4)3,2308.888198231977
La3+,Si4+,Li1+,O2-,Li7La3(SiO6)2,2309.922092985885
Nd3+,S4+,Li1+,O2-,Li7Nd3(SO6)2,2312.936800735739
Eu3+,Fe4+,Li1+,O2-,Li7Eu3(FeO6)2,2313.51320985476
Ce3+,Si4+,Li1+,O2-,Li7Ce3(SiO6)2,2313.9232697084417
In3+,Re4+,Li1+,O2-,Li7In3(ReO6)2,2316.508534460051
In1+,Re7+,Li1+,O2-,Li7In3(ReO6)2,2316.508534460051
Pr3+,Si4+,Li1+,O2-,Li7Pr3(SiO6)2,2316.518073105516
Sm3+,Ni4+,Li1+,O2-,Li7Sm3(NiO6)2,2316.912276746482
La3+,Ti4+,Li1+,O2-,Li7La3Ti2O12,2317.379897680333
La3+,Se4+,Li1+,O2-,Li7La3(SeO6)2,2320.771652712843
Ce3+,Ti4+,Li1+,O2-,Li7Ce3Ti2O12,2321.136074267262
Eu3+,Ni4+,Li1+,O2-,Li7Eu3(NiO6)2,2321.542341630352
Y3+,Cr4+,Li1+,O2-,Li7Y3Cr2O12,2322.787049116086
Pr3+,Ti4+,Li1+,O2-,Li7Pr3Ti2O12,2323.5730615151374
Ce3+,Se4+,Li1+,O2-,Li7Ce3(SeO6)2,2324.227530439723
Ti3+,Re4+,Li1+,O2-,Li7Ti3(ReO6)2,2324.612328818544
Zr3+,Cr4+,Li1+,O2-,Li7Zr3Cr2O12,2325.905338345378
Pr3+,Se4+,Li1+,O2-,Li7Pr3(SeO6)2,2326.471039678333
Nd3+,Si4+,Li1+,O2-,Li7Nd3(SiO6)2,2327.261675765425
La3+,Ge4+,Li1+,O2-,Li7La3(GeO6)2,2327.3985046230064
Gd3+,Fe4+,Li1+,O2-,Li7Gd3(FeO6)2,2328.6488989706318
V3+,Hf4+,Li1+,O2-,Li7Hf2V3O12,2329.223972303259
Ce3+,Ge4+,Li1+,O2-,Li7Ce3(GeO6)2,2330.8787138998164
Sm3+,S4+,Li1+,O2-,Li7Sm3(SO6)2,2332.050260535403
La3+,Mn4+,Li1+,O2-,Li7La3Mn2O12,2332.800119347375
Pr3+,Ge4+,Li1+,O2-,Li7Pr3(GeO6)2,2333.137758627673
Tb3+,Fe4+,Li1+,O2-,Li7Tb3(FeO6)2,2333.325177371071
Nd3+,Ti4+,Li1+,O2-,Li7Nd3Ti2O12,2333.6721974597413
Nd3+,Se4+,Li1+,O2-,Li7Nd3(SeO6)2,2335.7797604453567
Ce3+,Mn4+,Li1+,O2-,Li7Ce3Mn2O12,2336.4147293029364
Gd3+,Ni4+,Li1+,O2-,Li7Gd3(NiO6)2,2336.4206525457007
Eu3+,S4+,Li1+,O2-,Li7Eu3(SO6)2,2336.908747783663
Pr3+,Mn4+,Li1+,O2-,Li7Pr3Mn2O12,2338.7602110269854
Tb3+,Ni4+,Li1+,O2-,Li7Tb3(NiO6)2,2341.018222801962
Ag3+,Mo4+,Li1+,O2-,Li7Ag3(MoO6)2,2341.16596416919
Nd3+,Ge4+,Li1+,O2-,Li7Nd3(GeO6)2,2342.508751068
Dy3+,Fe4+,Li1+,O2-,Li7Dy3(FeO6)2,2343.115696706407
Sm3+,Si4+,Li1+,O2-,Li7Sm3(SiO6)2,2346.22698075554
Mn3+,Re4+,Li1+,O2-,Li7Mn3(ReO6)2,2347.2291305436474
Mn1+,Re7+,Li1+,O2-,Li7Mn3(ReO6)2,2347.2291305436474
Mn5+,Re1+,Li1+,O2-,Li7Mn3(ReO6)2,2347.2291305436474
Nd3+,Mn4+,Li1+,O2-,Li7Nd3Mn2O12,2348.4830094832764
Ho3+,Fe4+,Li1+,O2-,Li7Ho3(FeO6)2,2349.6304751503303
Dy3+,Ni4+,Li1+,O2-,Li7Dy3(NiO6)2,2350.6451940265883
Eu3+,Si4+,Li1+,O2-,Li7Eu3(SiO6)2,2351.0462067796307
Sm3+,Ti4+,Li1+,O2-,Li7Sm3Ti2O12,2351.535153058101
Sm3+,Se4+,Li1+,O2-,Li7Sm3(SeO6)2,2352.289684853619
Gd3+,S4+,Li1+,O2-,Li7Gd3(SO6)2,2352.4937157081413
La3+,C4+,Li1+,O2-,Li7La3(CO6)2,2354.105262301968
V3+,V4+,Li1+,O2-,Li7V5O12,2354.3250553769503
Er3+,Fe4+,Li1+,O2-,Li7Er3(FeO6)2,2355.76844266614
Eu3+,Ti4+,Li1+,O2-,Li7Eu3Ti2O12,2356.0814626704323
Eu3+,Se4+,Li1+,O2-,Li7Eu3(SeO6)2,2356.500846567113
Ho3+,Ni4+,Li1+,O2-,Li7Ho3(NiO6)2,2357.052074683454
Tb3+,S4+,Li1+,O2-,Li7Tb3(SO6)2,2357.301229446445
Ce3+,C4+,Li1+,O2-,Li7Ce3(CO6)2,2358.059984594478
Sm3+,Ge4+,Li1+,O2-,Li7Sm3(GeO6)2,2359.120452868892
Co3+,Ce4+,Li1+,O2-,Li7Ce2(CoO4)3,2359.6803534105165
Tm3+,Fe4+,Li1+,O2-,Li7Tm3(FeO6)2,2360.1222460369263
Pr3+,C4+,Li1+,O2-,Li7Pr3(CO6)2,2360.623651882449
Co3+,Pr4+,Li1+,O2-,Li7Pr2(CoO4)3,2361.356779335358
Er3+,Ni4+,Li1+,O2-,Li7Er3(NiO6)2,2363.089065158496
Eu3+,Ge4+,Li1+,O2-,Li7Eu3(GeO6)2,2363.355801555755
Y3+,Ce4+,Li1+,O2-,Li7Ce2Y3O12,2364.6694945401086
Sm3+,Mn4+,Li1+,O2-,Li7Sm3Mn2O12,2365.6916498149576
Y3+,Pr4+,Li1+,O2-,Li7Pr2Y3O12,2366.1448843837443
Gd3+,Si4+,Li1+,O2-,Li7Gd3(SiO6)2,2366.5008546510294
Zr3+,Ce4+,Li1+,O2-,Li7Ce2Zr3O12,2366.729441179292
Dy3+,S4+,Li1+,O2-,Li7Dy3(SO6)2,2367.3549607692307
Tm3+,Ni4+,Li1+,O2-,Li7Tm3(NiO6)2,2367.3716431839284
Zr3+,Pr4+,Li1+,O2-,Li7Pr2Zr3O12,2368.18784496935
Gd3+,Se4+,Li1+,O2-,Li7Gd3(SeO6)2,2370.049151404574
Eu3+,Mn4+,Li1+,O2-,Li7Eu3Mn2O12,2370.073743232589
Yb3+,Fe4+,Li1+,O2-,Li7Yb3(FeO6)2,2370.5806517358824
Gd3+,Ti4+,Li1+,O2-,Li7Gd3Ti2O12,2370.6806319006
Nd3+,C4+,Li1+,O2-,Li7Nd3(CO6)2,2371.2298903585
Tb3+,Si4+,Li1+,O2-,Li7Tb3(SiO6)2,2371.266821571869
Ho3+,S4+,Li1+,O2-,Li7Ho3(SO6)2,2374.0362373138955
Tb3+,Se4+,Li1+,O2-,Li7Tb3(SeO6)2,2374.2407093717943
Tb3+,Ti4+,Li1+,O2-,Li7Tb3Ti2O12,2375.1888613540063
Lu3+,Fe4+,Li1+,O2-,Li7Lu3(FeO6)2,2375.3878948090837
Gd3+,Ge4+,Li1+,O2-,Li7Gd3(GeO6)2,2376.977035476973
Yb3+,Ni4+,Li1+,O2-,Li7Yb3(NiO6)2,2377.660313132136
Er3+,S4+,Li1+,O2-,Li7Er3(SO6)2,2380.324761669999
Tb3+,Ge4+,Li1+,O2-,Li7Tb3(GeO6)2,2381.189646824904
Dy3+,Si4+,Li1+,O2-,Li7Dy3(SiO6)2,2381.2316162125685
Lu3+,Ni4+,Li1+,O2-,Li7Lu3(NiO6)2,2382.390179456127
Dy3+,Se4+,Li1+,O2-,Li7Dy3(SeO6)2,2383.0251428950664
Gd3+,Mn4+,Li1+,O2-,Li7Gd3Mn2O12,2384.151933039546
Dy3+,Ti4+,Li1+,O2-,Li7Dy3Ti2O12,2384.624049754933
Tm3+,S4+,Li1+,O2-,Li7Tm3(SO6)2,2384.781651465277
Ho3+,Si4+,Li1+,O2-,Li7Ho3(SiO6)2,2387.852254314415
Tb3+,Mn4+,Li1+,O2-,Li7Tb3Mn2O12,2388.501243073376
Ho3+,Se4+,Li1+,O2-,Li7Ho3(SeO6)2,2388.877028124639
Sm3+,C4+,Li1+,O2-,Li7Sm3(CO6)2,2389.9195619502098
Dy3+,Ge4+,Li1+,O2-,Li7Dy3(GeO6)2,2390.015890358132
Ho3+,Ti4+,Li1+,O2-,Li7Ho3Ti2O12,2390.8997657527552
Er3+,Si4+,Li1+,O2-,Li7Er3(SiO6)2,2394.082585477925
Er3+,Se4+,Li1+,O2-,Li7Er3(SeO6)2,2394.3952571031487
Eu3+,C4+,Li1+,O2-,Li7Eu3(CO6)2,2394.6620176290357
Yb3+,S4+,Li1+,O2-,Li7Yb3(SO6)2,2395.47513333458
Ho3+,Ge4+,Li1+,O2-,Li7Ho3(GeO6)2,2395.89389101305
Er3+,Ti4+,Li1+,O2-,Li7Er3Ti2O12,2396.810584246957
Co3+,Tb4+,Li1+,O2-,Li7Tb2(CoO4)3,2397.559465347504
Dy3+,Mn4+,Li1+,O2-,Li7Dy3Mn2O12,2397.606826297265
Mn5+,K1+,Li1+,O2-,K2Li7Mn3O12,2398.191608526829
Y3+,Tb4+,Li1+,O2-,Li7Tb2Y3O12,2398.1933908708866
Tm3+,Se4+,Li1+,O2-,Li7Tm3(SeO6)2,2398.3122999018133
Tm3+,Si4+,Li1+,O2-,Li7Tm3(SiO6)2,2398.4975747039
Zr3+,Tb4+,Li1+,O2-,Li7Tb2Zr3O12,2399.8800267995834
Lu3+,S4+,Li1+,O2-,Li7Lu3(SO6)2,2400.3844935480597
Tm3+,Ti4+,Li1+,O2-,Li7Tm3Ti2O12,2401.002140356819
Er3+,Ge4+,Li1+,O2-,Li7Er3(GeO6)2,2401.4354745093938
Ho3+,Mn4+,Li1+,O2-,Li7Ho3Mn2O12,2403.6655540331203
Tm3+,Ge4+,Li1+,O2-,Li7Tm3(GeO6)2,2405.368346240359
Yb3+,Se4+,Li1+,O2-,Li7Yb3(SeO6)2,2407.731175809415
Yb3+,Si4+,Li1+,O2-,Li7Yb3(SiO6)2,2409.088301726204
Er3+,Mn4+,Li1+,O2-,Li7Er3Mn2O12,2409.373641986523
Gd3+,C4+,Li1+,O2-,Li7Gd3(CO6)2,2409.852119477771
Ag1+,I7+,Li1+,O2-,Li7Ag3(IO6)2,2410.033255282984
Yb3+,Ti4+,Li1+,O2-,Li7Yb3Ti2O12,2411.066993144297
Lu3+,Se4+,Li1+,O2-,Li7Lu3(SeO6)2,2412.0651617369185
Tm3+,Mn4+,Li1+,O2-,Li7Tm3Mn2O12,2413.4224002813057
Lu3+,Si4+,Li1+,O2-,Li7Lu3(SiO6)2,2413.949436975614
Tb3+,C4+,Li1+,O2-,Li7Tb3(CO6)2,2414.5308680567146
Yb3+,Ge4+,Li1+,O2-,Li7Yb3(GeO6)2,2414.822739689881
Lu3+,Ti4+,Li1+,O2-,Li7Lu3Ti2O12,2415.6915324725023
Lu3+,Ge4+,Li1+,O2-,Li7Lu3(GeO6)2,2419.171861590881
Yb3+,Mn4+,Li1+,O2-,Li7Yb3Mn2O12,2423.1476357974925
Dy3+,C4+,Li1+,O2-,Li7Dy3(CO6)2,2424.304734522429
Lu3+,Mn4+,Li1+,O2-,Li7Lu3Mn2O12,2427.6176794587177
Ho3+,C4+,Li1+,O2-,Li7Ho3(CO6)2,2430.792116684481
Cr5+,Li1+,Li1+,O2-,Li3CrO4,2431.277833773217
Er3+,C4+,Li1+,O2-,Li7Er3(CO6)2,2436.892385508878
Tm3+,C4+,Li1+,O2-,Li7Tm3(CO6)2,2441.212474923803
Cr3+,Zr4+,Li1+,O2-,Li7Zr2Cr3O12,2442.036810375394
Cr5+,Co1+,Li1+,O2-,Li7Cr3(CoO6)2,2445.118100460177
Cr3+,Co4+,Li1+,O2-,Li7Cr3(CoO6)2,2445.118100460177
Ag3+,Te4+,Li1+,O2-,Li7Ag3(TeO6)2,2445.2360088866712
Yb3+,C4+,Li1+,O2-,Li7Yb3(CO6)2,2451.5663223095157
Lu3+,C4+,Li1+,O2-,Li7Lu3(CO6)2,2456.314371258243
La3+,Zr4+,Li1+,O2-,Li7La3Zr2O12,2460.567690011224
Ce3+,Zr4+,Li1+,O2-,Li7Ce3Zr2O12,2463.321096004889
La3+,Co4+,Li1+,O2-,Li7La3(CoO6)2,2464.156454400664
Pr3+,Zr4+,Li1+,O2-,Li7Pr3Zr2O12,2465.108952016892
Ce3+,Co4+,Li1+,O2-,Li7Ce3(CoO6)2,2467.1214522029245
Pr3+,Co4+,Li1+,O2-,Li7Pr3(CoO6)2,2469.045561630865
Nd3+,Zr4+,Li1+,O2-,Li7Nd3Zr2O12,2472.530300186806
Sc3+,Zr4+,Li1+,O2-,Li7Zr2Sc3O12,2475.9678521607675
Nd3+,Co4+,Li1+,O2-,Li7Nd3(CoO6)2,2477.022925944856
Cr3+,Hf4+,Li1+,O2-,Li7Hf2Cr3O12,2478.623235862449
Hg1+,Mn7+,Li1+,O2-,Li7Mn2(HgO4)3,2481.8961412611875
Sc3+,Co4+,Li1+,O2-,Li7Sc3(CoO6)2,2483.6231057462587
La3+,Hf4+,Li1+,O2-,Li7La3Hf2O12,2484.560562649892
Sm3+,Zr4+,Li1+,O2-,Li7Sm3Zr2O12,2485.705538836285
Ce3+,Hf4+,Li1+,O2-,Li7Ce3Hf2O12,2486.756266137267
Hg1+,Cl7+,Li1+,O2-,Li7Hg3(ClO6)2,2487.7014742200377
Pr3+,Hf4+,Li1+,O2-,Li7Pr3Hf2O12,2488.183736322113
Eu3+,Zr4+,Li1+,O2-,Li7Eu3Zr2O12,2489.06874097045
Sm3+,Co4+,Li1+,O2-,Li7Sm3(CoO6)2,2491.147387090713
V3+,P4+,Li1+,O2-,Li7V3(PO6)2,2493.8902460616914
V5+,P1+,Li1+,O2-,Li7V3(PO6)2,2493.8902460616914
Nd3+,Hf4+,Li1+,O2-,Li7Nd3Hf2O12,2494.123863494964
Eu3+,Co4+,Li1+,O2-,Li7Eu3(CoO6)2,2494.745153730295
Gd3+,Zr4+,Li1+,O2-,Li7Gd3Zr2O12,2499.8961753409617
Tb3+,Zr4+,Li1+,O2-,Li7Tb3Zr2O12,2503.2481857018065
Sm3+,Hf4+,Li1+,O2-,Li7Sm3Hf2O12,2504.7283156714066
Ag3+,W4+,Li1+,O2-,Li7Ag3(WO6)2,2504.7981659134102
V3+,Cr4+,Li1+,O2-,Li7V3Cr2O12,2505.1103495903167
Sc3+,Hf4+,Li1+,O2-,Li7Hf2Sc3O12,2505.523784676496
Gd3+,Co4+,Li1+,O2-,Li7Gd3(CoO6)2,2506.3064346272176
V3+,Ce4+,Li1+,O2-,Li7Ce2V3O12,2506.373691560268
Eu3+,Hf4+,Li1+,O2-,Li7Eu3Hf2O12,2507.4474218943856
V3+,Pr4+,Li1+,O2-,Li7Pr2V3O12,2507.7656661625347
Tb3+,Co4+,Li1+,O2-,Li7Tb3(CoO6)2,2509.879056860363
Dy3+,Zr4+,Li1+,O2-,Li7Dy3Zr2O12,2510.276567063631
Ho3+,Zr4+,Li1+,O2-,Li7Ho3Zr2O12,2514.9612065022507
Gd3+,Hf4+,Li1+,O2-,Li7Gd3Hf2O12,2516.235051806315
Dy3+,Co4+,Li1+,O2-,Li7Dy3(CoO6)2,2517.359943426189
Tb3+,Hf4+,Li1+,O2-,Li7Tb3Hf2O12,2518.966070991674
Er3+,Zr4+,Li1+,O2-,Li7Er3Zr2O12,2519.380630377351
Ho3+,Co4+,Li1+,O2-,Li7Ho3(CoO6)2,2522.338635864601
Tm3+,Zr4+,Li1+,O2-,Li7Tm3Zr2O12,2522.518813457202
Dy3+,Hf4+,Li1+,O2-,Li7Dy3Hf2O12,2524.7085920978734
Y3+,Re4+,Li1+,O2-,Li7Y3(ReO6)2,2526.3896276886726
Zr3+,Re4+,Li1+,O2-,Li7Zr3(ReO6)2,2526.966981245921
Er3+,Co4+,Li1+,O2-,Li7Er3(CoO6)2,2527.0299362657265
Ho3+,Hf4+,Li1+,O2-,Li7Ho3Hf2O12,2528.5484087547115
Yb3+,Zr4+,Li1+,O2-,Li7Yb3Zr2O12,2530.06863678926
Tm3+,Co4+,Li1+,O2-,Li7Tm3(CoO6)2,2530.3579217825454
Er3+,Hf4+,Li1+,O2-,Li7Er3Hf2O12,2532.179856073225
Lu3+,Zr4+,Li1+,O2-,Li7Lu3Zr2O12,2533.5443970053448
Tm3+,Hf4+,Li1+,O2-,Li7Tm3Hf2O12,2534.76383925882
V3+,Tb4+,Li1+,O2-,Li7Tb2V3O12,2537.77094009884
Yb3+,Co4+,Li1+,O2-,Li7Yb3(CoO6)2,2538.3533212463435
Co1+,Re7+,Li1+,O2-,Li7Co3(ReO6)2,2540.394636883417
Co3+,Re4+,Li1+,O2-,Li7Co3(ReO6)2,2540.394636883417
Yb3+,Hf4+,Li1+,O2-,Li7Yb3Hf2O12,2540.998592434465
Lu3+,Co4+,Li1+,O2-,Li7Lu3(CoO6)2,2542.0289761718723
Lu3+,Hf4+,Li1+,O2-,Li7Lu3Hf2O12,2543.8776124743067
Li1+,Re7+,Li1+,O2-,Li5ReO6,2550.397212569941
La3+,V4+,Li1+,O2-,Li7La3V2O12,2553.13217942309
Ce3+,V4+,Li1+,O2-,Li7Ce3V2O12,2555.7357079894514
Pr3+,V4+,Li1+,O2-,Li7Pr3V2O12,2557.4249716490403
Ag1+,Br7+,Li1+,O2-,Li7Ag3(BrO6)2,2563.263702768151
Nd3+,V4+,Li1+,O2-,Li7Nd3V2O12,2564.42636942123
Sm3+,V4+,Li1+,O2-,Li7Sm3V2O12,2576.8137522008897
Eu3+,V4+,Li1+,O2-,Li7Eu3V2O12,2579.9672025520485
Cr3+,V4+,Li1+,O2-,Li7V2Cr3O12,2580.02445977148
In3+,Mo4+,Li1+,O2-,Li7In3(MoO6)2,2581.925819827116
Fe3+,Mo4+,Li1+,O2-,Li7Fe3(MoO6)2,2585.9804118302363
Gd3+,V4+,Li1+,O2-,Li7Gd3V2O12,2590.0956113684288
Tb3+,V4+,Li1+,O2-,Li7Tb3V2O12,2593.2238870263536
V5+,Hg1+,Li1+,O2-,Li7V3(HgO6)2,2596.7327821604326
Dy3+,V4+,Li1+,O2-,Li7Dy3V2O12,2599.7719415858155
Ho3+,V4+,Li1+,O2-,Li7Ho3V2O12,2604.1280196818702
Er3+,V4+,Li1+,O2-,Li7Er3V2O12,2608.2313342725606
Tm3+,V4+,Li1+,O2-,Li7Tm3V2O12,2611.141434309884
Yb3+,V4+,Li1+,O2-,Li7Yb3V2O12,2618.1302597962726
Lu3+,V4+,Li1+,O2-,Li7Lu3V2O12,2621.341932877531
La3+,Ce4+,Li1+,O2-,Li7La3Ce2O12,2624.563020882327
La3+,Pr4+,Li1+,O2-,Li7La3Pr2O12,2625.364586363125
Sc3+,V4+,Li1+,O2-,Li7Sc3V2O12,2625.7880388360486
Ce3+,Ce4+,Li1+,O2-,Li7Ce5O12,2626.3975575667387
Ce3+,Pr4+,Li1+,O2-,Li7Ce3Pr2O12,2627.1929542629377
Pr3+,Ce4+,Li1+,O2-,Li7Ce2Pr3O12,2627.5896515735108
Pr3+,Pr4+,Li1+,O2-,Li7Pr5O12,2628.381052504499
In1+,I7+,Li1+,O2-,Li7In3(IO6)2,2631.3069264925625
Nd3+,Ce4+,Li1+,O2-,Li7Ce2Nd3O12,2632.545453363254
Nd3+,Pr4+,Li1+,O2-,Li7Pr2Nd3O12,2633.3203506864206
Sm3+,Ce4+,Li1+,O2-,Li7Ce2Sm3O12,2641.373247515824
Sm3+,Pr4+,Li1+,O2-,Li7Pr2Sm3O12,2642.119176956863
La3+,Tb4+,Li1+,O2-,Li7La3Tb2O12,2642.904176356361
Eu3+,Ce4+,Li1+,O2-,Li7Ce2Eu3O12,2643.632798398041
Eu3+,Pr4+,Li1+,O2-,Li7Pr2Eu3O12,2644.3714018103683
Ce3+,Tb4+,Li1+,O2-,Li7Tb2Ce3O12,2644.6001521283924
Pr3+,Tb4+,Li1+,O2-,Li7Tb2Pr3O12,2645.702479056665
Nd3+,Tb4+,Li1+,O2-,Li7Tb2Nd3O12,2650.287386502535
Gd3+,Ce4+,Li1+,O2-,Li7Ce2Gd3O12,2650.9241036679027
La3+,Cr4+,Li1+,O2-,Li7La3Cr2O12,2651.098669688141
Gd3+,Pr4+,Li1+,O2-,Li7Pr2Gd3O12,2651.6393130137644
La3+,P4+,Li1+,O2-,Li7La3(PO6)2,2652.5292515096144
Tb3+,Ce4+,Li1+,O2-,Li7Tb3Ce2O12,2653.1866391516296
Ce3+,Cr4+,Li1+,O2-,Li7Ce3Cr2O12,2653.22990639544
Tb3+,Pr4+,Li1+,O2-,Li7Tb3Pr2O12,2653.894665593577
Pr3+,Cr4+,Li1+,O2-,Li7Pr3Cr2O12,2654.6127600605214
Ce3+,P4+,Li1+,O2-,Li7Ce3(PO6)2,2654.777260594387
Pr3+,P4+,Li1+,O2-,Li7Pr3(PO6)2,2656.235214879767
Dy3+,Ce4+,Li1+,O2-,Li7Ce2Dy3O12,2657.9387447414583
Sm3+,Tb4+,Li1+,O2-,Li7Tb2Sm3O12,2658.463651442952
Dy3+,Pr4+,Li1+,O2-,Li7Pr2Dy3O12,2658.6318024515613
Nd3+,Cr4+,Li1+,O2-,Li7Nd3Cr2O12,2660.344449619065
Eu3+,Tb4+,Li1+,O2-,Li7Tb2Eu3O12,2660.558323412918
Ho3+,Ce4+,Li1+,O2-,Li7Ce2Ho3O12,2661.112279765762
Ho3+,Pr4+,Li1+,O2-,Li7Pr2Ho3O12,2661.7954300317483
Nd3+,P4+,Li1+,O2-,Li7Nd3(PO6)2,2662.27259164353
Er3+,Ce4+,Li1+,O2-,Li7Ce2Er3O12,2664.110637628732
Er3+,Pr4+,Li1+,O2-,Li7Pr2Er3O12,2664.784492762496
In3+,Te4+,Li1+,O2-,Li7In3(TeO6)2,2665.269833229751
Tm3+,Ce4+,Li1+,O2-,Li7Ce2Tm3O12,2666.2423891809303
Tm3+,Pr4+,Li1+,O2-,Li7Pr2Tm3O12,2666.909674392695
Gd3+,Tb4+,Li1+,O2-,Li7Tb2Gd3O12,2667.322833231652
Tb3+,Tb4+,Li1+,O2-,Li7Tb5O12,2669.423531951184
Sm3+,Cr4+,Li1+,O2-,Li7Sm3Cr2O12,2670.486368412321
Yb3+,Ce4+,Li1+,O2-,Li7Yb3Ce2O12,2671.379988572328
Cr3+,Ce4+,Li1+,O2-,Li7Ce2Cr3O12,2671.886469874931
Yb3+,Pr4+,Li1+,O2-,Li7Yb3Pr2O12,2672.031572081864
Cr3+,Pr4+,Li1+,O2-,Li7Pr2Cr3O12,2672.8856572846566
Sm3+,P4+,Li1+,O2-,Li7Sm3(PO6)2,2672.9333808863034
Eu3+,Cr4+,Li1+,O2-,Li7Eu3Cr2O12,2673.0683953307084
Lu3+,Ce4+,Li1+,O2-,Li7Ce2Lu3O12,2673.74952281353
Dy3+,Tb4+,Li1+,O2-,Li7Tb2Dy3O12,2673.8382425983373
Lu3+,Pr4+,Li1+,O2-,Li7Pr2Lu3O12,2674.3939273716383
V3+,Re4+,Li1+,O2-,Li7V3(ReO6)2,2675.0879418786417
V5+,Re1+,Li1+,O2-,Li7V3(ReO6)2,2675.0879418786417
Eu3+,P4+,Li1+,O2-,Li7Eu3(PO6)2,2675.6430225134923
Ho3+,Tb4+,Li1+,O2-,Li7Tb2Ho3O12,2676.788361300576
Er3+,Tb4+,Li1+,O2-,Li7Tb2Er3O12,2679.5770356274597
Gd3+,Cr4+,Li1+,O2-,Li7Gd3Cr2O12,2681.3620360593004
Tm3+,Tb4+,Li1+,O2-,Li7Tb2Tm3O12,2681.560535955167
Tb3+,Cr4+,Li1+,O2-,Li7Tb3Cr2O12,2683.923794547269
Gd3+,P4+,Li1+,O2-,Li7Gd3(PO6)2,2684.3342920888645
Ti3+,Mo4+,Li1+,O2-,Li7Ti3(MoO6)2,2685.1113632449906
Yb3+,Tb4+,Li1+,O2-,Li7Tb2Yb3O12,2686.343674844009
Tb3+,P4+,Li1+,O2-,Li7Tb3(PO6)2,2687.015092276503
Lu3+,Tb4+,Li1+,O2-,Li7Tb2Lu3O12,2688.551076009514
Ag3+,Ta4+,Li1+,O2-,Li7Ta2(AgO4)3,2688.976608677158
Dy3+,Cr4+,Li1+,O2-,Li7Dy3Cr2O12,2689.2862877251005
Fe3+,Te4+,Li1+,O2-,Li7Fe3(TeO6)2,2691.166848681802
Dy3+,P4+,Li1+,O2-,Li7Dy3(PO6)2,2692.6210116752877
Ho3+,Cr4+,Li1+,O2-,Li7Ho3Cr2O12,2692.853870988064
Cr3+,Tb4+,Li1+,O2-,Li7Tb2Cr3O12,2694.429373919052
Fe5+,Rb1+,Li1+,O2-,Rb2Li7(FeO4)3,2694.4535397955
Er3+,Cr4+,Li1+,O2-,Li7Er3Cr2O12,2696.214587599205
Ho3+,P4+,Li1+,O2-,Li7Ho3(PO6)2,2696.3462290299112
In3+,W4+,Li1+,O2-,Li7In3(WO6)2,2697.55072299782
Tm3+,Cr4+,Li1+,O2-,Li7Tm3Cr2O12,2698.598116554166
Er3+,P4+,Li1+,O2-,Li7Er3(PO6)2,2699.852291730313
Mn3+,Mo4+,Li1+,O2-,Li7Mn3(MoO6)2,2701.760697124679
Tm3+,P4+,Li1+,O2-,Li7Tm3(PO6)2,2702.3370562162586
Yb3+,Cr4+,Li1+,O2-,Li7Yb3Cr2O12,2704.3226289001173
Lu3+,Cr4+,Li1+,O2-,Li7Lu3Cr2O12,2706.953430411296
Sc3+,Ce4+,Li1+,O2-,Li7Ce2Sc3O12,2708.1610977713967
Yb3+,P4+,Li1+,O2-,Li7Yb3(PO6)2,2708.298448009063
Sc3+,Pr4+,Li1+,O2-,Li7Pr2Sc3O12,2709.1050101606534
Lu3+,P4+,Li1+,O2-,Li7Lu3(PO6)2,2711.035152333026
Fe3+,W4+,Li1+,O2-,Li7Fe3(WO6)2,2727.054628363067
Cr3+,Cr4+,Li1+,O2-,Li7Cr5O12,2728.905688285707
Sc3+,Tb4+,Li1+,O2-,Li7Tb2Sc3O12,2729.422467476176
Cr5+,Hg1+,Li1+,O2-,Li7Cr3(HgO6)2,2736.7935191572374
Cr5+,P1+,Li1+,O2-,Li7Cr3(PO6)2,2738.284448078044
Cr3+,P4+,Li1+,O2-,Li7Cr3(PO6)2,2738.284448078044
La3+,Re4+,Li1+,O2-,Li7La3(ReO6)2,2739.4589697231418
Ce3+,Re4+,Li1+,O2-,Li7Ce3(ReO6)2,2740.726059857445
Pr3+,Re4+,Li1+,O2-,Li7Pr3(ReO6)2,2741.549892864048
Nd3+,Re4+,Li1+,O2-,Li7Nd3(ReO6)2,2744.9787218335164
Sm3+,Re4+,Li1+,O2-,Li7Sm3(ReO6)2,2751.1024141370644
Eu3+,Re4+,Li1+,O2-,Li7Eu3(ReO6)2,2752.6731106353927
Mn1+,I7+,Li1+,O2-,Li7Mn3(IO6)2,2753.3407754024133
Na1+,I7+,Li1+,O2-,Na3Li7(IO6)2,2756.3809053119644
Gd3+,Re4+,Li1+,O2-,Li7Gd3(ReO6)2,2757.750724180217
Tb3+,Re4+,Li1+,O2-,Li7Tb3(ReO6)2,2759.3291877179386
Dy3+,Re4+,Li1+,O2-,Li7Dy3(ReO6)2,2762.648912697191
Ho3+,Re4+,Li1+,O2-,Li7Ho3(ReO6)2,2764.869211596664
Er3+,Re4+,Li1+,O2-,Li7Er3(ReO6)2,2766.969407523053
Tm3+,Re4+,Li1+,O2-,Li7Tm3(ReO6)2,2768.464043951275
Yb3+,Re4+,Li1+,O2-,Li7Yb3(ReO6)2,2772.071146911202
Lu3+,Re4+,Li1+,O2-,Li7Lu3(ReO6)2,2773.737167970185
Sc3+,Cr4+,Li1+,O2-,Li7Sc3Cr2O12,2781.026543865776
Ti3+,Te4+,Li1+,O2-,Li7Ti3(TeO6)2,2784.4179869023283
Hg1+,Re7+,Li1+,O2-,Li7Re2(HgO4)3,2794.3827433777665
Sc3+,P4+,Li1+,O2-,Li7Sc3(PO6)2,2795.868303588065
Mn3+,Te4+,Li1+,O2-,Li7Mn3(TeO6)2,2796.2824741949835
Ta5+,Au1+,Li1+,O2-,Li7Ta3(AuO6)2,2802.587144503983
Ti3+,W4+,Li1+,O2-,Li7Ti3(WO6)2,2807.497611259957
In1+,Br7+,Li1+,O2-,Li7In3(BrO6)2,2808.1734940224896
Mn5+,Rb1+,Li1+,O2-,Rb2Li7Mn3O12,2814.953502252839
Mn3+,W4+,Li1+,O2-,Li7Mn3(WO6)2,2817.002545817303
Cr5+,Re1+,Li1+,O2-,Li7Cr3(ReO6)2,2820.065681632901
Cr3+,Re4+,Li1+,O2-,Li7Cr3(ReO6)2,2820.065681632901
Sc3+,Re4+,Li1+,O2-,Li7Sc3(ReO6)2,2856.0538404264184
K1+,Mn7+,Li1+,O2-,K3Li7Mn2O12,2869.82314236177
Zr3+,Mo4+,Li1+,O2-,Li7Zr3(MoO6)2,2872.796551578615
Y3+,Mo4+,Li1+,O2-,Li7Y3(MoO6)2,2875.5099546631486
In3+,Ta4+,Li1+,O2-,Li7Ta2In3O12,2878.851356166344
K1+,Cl7+,Li1+,O2-,K3Li7(ClO6)2,2917.4449316398805
V5+,K1+,Li1+,O2-,K2Li7V3O12,2931.8871528871127
Zr3+,W4+,Li1+,O2-,Li7Zr3(WO6)2,2939.720509000809
Zr3+,Te4+,Li1+,O2-,Li7Zr3(TeO6)2,2939.870957479078
Y3+,W4+,Li1+,O2-,Li7Y3(WO6)2,2942.420658089035
Y3+,Te4+,Li1+,O2-,Li7Y3(TeO6)2,2942.970791964064
Co3+,Mo4+,Li1+,O2-,Li7Co3(MoO6)2,2945.1900515246066
Fe3+,Ta4+,Li1+,O2-,Li7Ta2(FeO4)3,2950.232848754698
Co1+,I7+,Li1+,O2-,Li7Co3(IO6)2,2973.388417475826
Co3+,W4+,Li1+,O2-,Li7Co3(WO6)2,3004.1608629390503
Mn1+,Br7+,Li1+,O2-,Li7Mn3(BrO6)2,3006.717312459307
Co3+,Te4+,Li1+,O2-,Li7Co3(TeO6)2,3015.1097769670714
Ti3+,Ta4+,Li1+,O2-,Li7Ta2Ti3O12,3038.4590128391114
Mn3+,Ta4+,Li1+,O2-,Li7Ta2Mn3O12,3041.650247889749
Ta3+,Pb4+,Li1+,O2-,Li7Ta3(PbO6)2,3048.5555300203514
Na1+,Br7+,Li1+,O2-,Na3Li7(BrO6)2,3062.106932894126
La3+,Mo4+,Li1+,O2-,Li7La3(MoO6)2,3072.208854037491
Ce3+,Mo4+,Li1+,O2-,Li7Ce3(MoO6)2,3072.3271996339618
Pr3+,Mo4+,Li1+,O2-,Li7Pr3(MoO6)2,3072.404050479269
Nd3+,Mo4+,Li1+,O2-,Li7Nd3(MoO6)2,3072.72310756834
Sm3+,Mo4+,Li1+,O2-,Li7Sm3(MoO6)2,3073.28973748551
Eu3+,Mo4+,Li1+,O2-,Li7Eu3(MoO6)2,3073.4344209129763
Gd3+,Mo4+,Li1+,O2-,Li7Gd3(MoO6)2,3073.900327114349
Tb3+,Mo4+,Li1+,O2-,Li7Tb3(MoO6)2,3074.044600199167
Dy3+,Mo4+,Li1+,O2-,Li7Dy3(MoO6)2,3074.347161691196
Ho3+,Mo4+,Li1+,O2-,Li7Ho3(MoO6)2,3074.54886960675
Er3+,Mo4+,Li1+,O2-,Li7Er3(MoO6)2,3074.739188180128
Tm3+,Mo4+,Li1+,O2-,Li7Tm3(MoO6)2,3074.874349014471
Yb3+,Mo4+,Li1+,O2-,Li7Yb3(MoO6)2,3075.1995786375464
Lu3+,Mo4+,Li1+,O2-,Li7Lu3(MoO6)2,3075.349335381185
Hg1+,I7+,Li1+,O2-,Li7Hg3(IO6)2,3086.9905867830794
Ag3+,Ru4+,Li1+,O2-,Li7Ag3(RuO6)2,3092.9828673078923
Ag1+,Ru7+,Li1+,O2-,Li7Ag3(RuO6)2,3092.9828673078923
La3+,W4+,Li1+,O2-,Li7La3(WO6)2,3095.590551316308
Ce3+,W4+,Li1+,O2-,Li7Ce3(WO6)2,3095.606119261394
Pr3+,W4+,Li1+,O2-,Li7Pr3(WO6)2,3095.6162409118874
Nd3+,W4+,Li1+,O2-,Li7Nd3(WO6)2,3095.658365368673
Sm3+,W4+,Li1+,O2-,Li7Sm3(WO6)2,3095.7335880328487
Eu3+,W4+,Li1+,O2-,Li7Eu3(WO6)2,3095.752880369135
Gd3+,W4+,Li1+,O2-,Li7Gd3(WO6)2,3095.8152416765106
Tb3+,W4+,Li1+,O2-,Li7Tb3(WO6)2,3095.8346261093584
Dy3+,W4+,Li1+,O2-,Li7Dy3(WO6)2,3095.875391668867
Ho3+,W4+,Li1+,O2-,Li7Ho3(WO6)2,3095.9026545614274
Er3+,W4+,Li1+,O2-,Li7Er3(WO6)2,3095.928441291316
Tm3+,W4+,Li1+,O2-,Li7Tm3(WO6)2,3095.94679196572
Yb3+,W4+,Li1+,O2-,Li7Yb3(WO6)2,3095.991075944416
Lu3+,W4+,Li1+,O2-,Li7Lu3(WO6)2,3096.011528107926
Lu3+,Te4+,Li1+,O2-,Li7Lu3(TeO6)2,3113.348365130411
Yb3+,Te4+,Li1+,O2-,Li7Yb3(TeO6)2,3113.424399137728
Tm3+,Te4+,Li1+,O2-,Li7Tm3(TeO6)2,3113.5893265155264
Er3+,Te4+,Li1+,O2-,Li7Er3(TeO6)2,3113.657788709375
Ho3+,Te4+,Li1+,O2-,Li7Ho3(TeO6)2,3113.754110811831
Dy3+,Te4+,Li1+,O2-,Li7Dy3(TeO6)2,3113.8560967081803
Tb3+,Te4+,Li1+,O2-,Li7Tb3(TeO6)2,3114.00888185496
Gd3+,Te4+,Li1+,O2-,Li7Gd3(TeO6)2,3114.0816541257955
Eu3+,Te4+,Li1+,O2-,Li7Eu3(TeO6)2,3114.316301060933
Sm3+,Te4+,Li1+,O2-,Li7Sm3(TeO6)2,3114.3890573873773
Nd3+,Te4+,Li1+,O2-,Li7Nd3(TeO6)2,3114.6734893847733
Pr3+,Te4+,Li1+,O2-,Li7Pr3(TeO6)2,3114.8332925513832
Ce3+,Te4+,Li1+,O2-,Li7Ce3(TeO6)2,3114.871746059884
La3+,Te4+,Li1+,O2-,Li7La3(TeO6)2,3114.930933247383
Ag3+,Rh4+,Li1+,O2-,Li7Ag3(RhO6)2,3116.3773705661097
Li1+,I7+,Li1+,O2-,Li5IO6,3116.779349787332
Zr3+,Ta4+,Li1+,O2-,Li7Zr3Ta2O12,3137.266795561241
V3+,Mo4+,Li1+,O2-,Li7V3(MoO6)2,3138.0119029333264
Y3+,Ta4+,Li1+,O2-,Li7Y3Ta2O12,3141.5654893997034
V3+,W4+,Li1+,O2-,Li7V3(WO6)2,3154.3011726821856
Fe5+,Cs1+,Li1+,O2-,Cs2Li7(FeO4)3,3159.8085824486698
Ag3+,Pd4+,Li1+,O2-,Li7Ag3(PdO6)2,3160.554855162849
Cr5+,K1+,Li1+,O2-,K2Li7Cr3O12,3164.998050613283
Ag3+,Nb4+,Li1+,O2-,Li7Nb2(AgO4)3,3184.359428774371
V3+,Te4+,Li1+,O2-,Li7V3(TeO6)2,3191.691914469269
Ta5+,Ag1+,Li1+,O2-,Li7Ta3(AgO6)2,3210.4395148628078
Ta3+,Sn4+,Li1+,O2-,Li7Ta3(SnO6)2,3218.498687712584
Co3+,Ta4+,Li1+,O2-,Li7Ta2(CoO4)3,3226.7426256742733
K1+,Re7+,Li1+,O2-,K3Li7(ReO6)2,3250.154740173304
Lu3+,Ta4+,Li1+,O2-,Li7Lu3Ta2O12,3250.3377114741497
Yb3+,Ta4+,Li1+,O2-,Li7Yb3Ta2O12,3251.1125917795184
Tm3+,Ta4+,Li1+,O2-,Li7Tm3Ta2O12,3252.7905385032404
Er3+,Ta4+,Li1+,O2-,Li7Er3Ta2O12,3253.485912679252
Ho3+,Ta4+,Li1+,O2-,Li7Ho3Ta2O12,3254.463121685331
Dy3+,Ta4+,Li1+,O2-,Li7Dy3Ta2O12,3255.496341587696
Tb3+,Ta4+,Li1+,O2-,Li7Tb3Ta2O12,3257.041426141583
Co1+,Br7+,Li1+,O2-,Li7Co3(BrO6)2,3257.340559340187
Gd3+,Ta4+,Li1+,O2-,Li7Gd3Ta2O12,3257.776186222939
Eu3+,Ta4+,Li1+,O2-,Li7Eu3Ta2O12,3260.140218205479
Sm3+,Ta4+,Li1+,O2-,Li7Sm3Ta2O12,3260.871641169071
Hg1+,Br7+,Li1+,O2-,Li7Hg3(BrO6)2,3261.18701066838
Nd3+,Ta4+,Li1+,O2-,Li7Nd3Ta2O12,3263.723876150264
Mn5+,Cs1+,Li1+,O2-,Cs2Li7Mn3O12,3265.1621965631152
Pr3+,Ta4+,Li1+,O2-,Li7Pr3Ta2O12,3265.32136005543
Ce3+,Ta4+,Li1+,O2-,Li7Ce3Ta2O12,3265.7052287688803
La3+,Ta4+,Li1+,O2-,Li7La3Ta2O12,3266.295670480999
V5+,Rb1+,Li1+,O2-,Rb2Li7V3O12,3269.800168302826
Cr3+,W4+,Li1+,O2-,Li7Cr3(WO6)2,3298.1931260280526
In1+,Ru7+,Li1+,O2-,Li7In3(RuO6)2,3310.691743043277
In3+,Ru4+,Li1+,O2-,Li7In3(RuO6)2,3310.691743043277
Ta5+,In1+,Li1+,O2-,Li7Ta3In2O12,3321.604971175235
Cr3+,Mo4+,Li1+,O2-,Li7Cr3(MoO6)2,3324.979433190455
In3+,Rh4+,Li1+,O2-,Li7In3(RhO6)2,3332.458909763332
Sc3+,W4+,Li1+,O2-,Li7Sc3(WO6)2,3347.999490628484
Rb1+,Mn7+,Li1+,O2-,Rb3Li7Mn2O12,3355.4057679499315
Cr3+,Te4+,Li1+,O2-,Li7Cr3(TeO6)2,3360.2347675499914
Ta3+,Hf4+,Li1+,O2-,Li7Hf2Ta3O12,3361.844709973867
In3+,Pd4+,Li1+,O2-,Li7In3(PdO6)2,3373.578377933954
V3+,Ta4+,Li1+,O2-,Li7Ta2V3O12,3385.098033753632
Sc3+,Mo4+,Li1+,O2-,Li7Sc3(MoO6)2,3391.2166956761284
Ta5+,Cu1+,Li1+,O2-,Li7Ta3(CuO6)2,3400.655426557072
In3+,Nb4+,Li1+,O2-,Li7Nb2In3O12,3404.208080010113
Ta3+,Se4+,Li1+,O2-,Li7Ta3(SeO6)2,3405.515071098812
Ta3+,Fe4+,Li1+,O2-,Li7Ta3(FeO6)2,3420.881795719658
Sc3+,Te4+,Li1+,O2-,Li7Sc3(TeO6)2,3421.0022062149146
Ta5+,Ni1+,Li1+,O2-,Li7Ta3(NiO6)2,3421.132814831235
Ta3+,Ni4+,Li1+,O2-,Li7Ta3(NiO6)2,3421.132814831235
Rb1+,Cl7+,Li1+,O2-,Rb3Li7(ClO6)2,3424.684251787145
Ta3+,Ge4+,Li1+,O2-,Li7Ta3(GeO6)2,3426.0056924091937
Nb5+,Au1+,Li1+,O2-,Li7Nb3(AuO6)2,3445.6995607199856
Cr5+,Rb1+,Li1+,O2-,Rb2Li7Cr3O12,3462.93324607399
Ta5+,Mn1+,Li1+,O2-,Li7Ta3Mn2O12,3474.18545490559
Ta3+,Mn4+,Li1+,O2-,Li7Ta3Mn2O12,3474.18545490559
Ta3+,Ti4+,Li1+,O2-,Li7Ta3Ti2O12,3479.33775320152
Ta3+,Zr4+,Li1+,O2-,Li7Zr2Ta3O12,3499.509284589676
Ta5+,Hg1+,Li1+,O2-,Li7Ta3(HgO6)2,3502.749639153504
Ta3+,S4+,Li1+,O2-,Li7Ta3(SO6)2,3504.0165396532407
Fe3+,Ru4+,Li1+,O2-,Li7Fe3(RuO6)2,3525.9547323511424
Ta3+,Si4+,Li1+,O2-,Li7Ta3(SiO6)2,3527.753556824412
Rb1+,Re7+,Li1+,O2-,Rb3Li7(ReO6)2,3528.247387960302
Cr3+,Ta4+,Li1+,O2-,Li7Ta2Cr3O12,3529.124615113501
Ta5+,Na1+,Li1+,O2-,Na2Li7Ta3O12,3531.095398722558
Bi5+,Au1+,Li1+,O2-,Li7Bi3(AuO6)2,3532.1475460568827
Ta3+,Tb4+,Li1+,O2-,Li7Tb2Ta3O12,3533.224199743763
Li1+,Br7+,Li1+,O2-,Li5BrO6,3537.8807950793284
Ta3+,Pr4+,Li1+,O2-,Li7Pr2Ta3O12,3547.879512906187
Ta3+,Ce4+,Li1+,O2-,Li7Ce2Ta3O12,3548.546202142303
Fe3+,Rh4+,Li1+,O2-,Li7Fe3(RhO6)2,3552.707509604581
Fe5+,Rh1+,Li1+,O2-,Li7Fe3(RhO6)2,3552.707509604581
Ta3+,Co4+,Li1+,O2-,Li7Ta3(CoO6)2,3577.0408338014863
Ta5+,Co1+,Li1+,O2-,Li7Ta3(CoO6)2,3577.0408338014863
Ta5+,Re1+,Li1+,O2-,Li7Ta3(ReO6)2,3577.21365385084
Ta3+,Re4+,Li1+,O2-,Li7Ta3(ReO6)2,3577.21365385084
Sc3+,Ta4+,Li1+,O2-,Li7Sc3Ta2O12,3585.9365296243227
Ta5+,N1+,Li1+,O2-,Li7Ta3(NO6)2,3598.2073133381523
Fe3+,Pd4+,Li1+,O2-,Li7Fe3(PdO6)2,3603.049368488657
Fe5+,Pd1+,Li1+,O2-,Li7Fe3(PdO6)2,3603.049368488657
Ta5+,C1+,Li1+,O2-,Li7Ta3(CO6)2,3613.524822327183
Ta3+,C4+,Li1+,O2-,Li7Ta3(CO6)2,3613.524822327183
Hg1+,Ru7+,Li1+,O2-,Li7Hg3(RuO6)2,3621.5469026121655
Mn3+,Ru4+,Li1+,O2-,Li7Mn3(RuO6)2,3643.989439042612
Mn1+,Ru7+,Li1+,O2-,Li7Mn3(RuO6)2,3643.989439042612
Fe3+,Nb4+,Li1+,O2-,Li7Nb2(FeO4)3,3653.245335171852
Ti3+,Ru4+,Li1+,O2-,Li7Ti3(RuO6)2,3661.721364822806
V5+,Cs1+,Li1+,O2-,Cs2Li7V3O12,3662.734883664102
Lu3+,Ru4+,Li1+,O2-,Li7Lu3(RuO6)2,3662.979237321066
Yb3+,Ru4+,Li1+,O2-,Li7Yb3(RuO6)2,3666.362943184509
Zr3+,Ru4+,Li1+,O2-,Li7Zr3(RuO6)2,3669.401296888099
Mn5+,Rh1+,Li1+,O2-,Li7Mn3(RhO6)2,3670.1523736878858
Mn3+,Rh4+,Li1+,O2-,Li7Mn3(RhO6)2,3670.1523736878858
Ta3+,V4+,Li1+,O2-,Li7Ta3V2O12,3673.432525804285
Tm3+,Ru4+,Li1+,O2-,Li7Tm3(RuO6)2,3673.709901723964
Er3+,Ru4+,Li1+,O2-,Li7Er3(RuO6)2,3676.762589349165
Lu3+,Rh4+,Li1+,O2-,Li7Lu3(RhO6)2,3679.371019090247
Y3+,Ru4+,Li1+,O2-,Li7Y3(RuO6)2,3679.884390073345
Ho3+,Ru4+,Li1+,O2-,Li7Ho3(RuO6)2,3681.0604456422448
Yb3+,Rh4+,Li1+,O2-,Li7Yb3(RhO6)2,3682.8400055183215
Dy3+,Ru4+,Li1+,O2-,Li7Dy3(RuO6)2,3685.6147332060655
Ti3+,Rh4+,Li1+,O2-,Li7Ti3(RhO6)2,3688.7146567121777
Tm3+,Rh4+,Li1+,O2-,Li7Tm3(RhO6)2,3690.371589111772
Zr3+,Rh4+,Li1+,O2-,Li7Zr3(RhO6)2,3691.479409851474
Tb3+,Ru4+,Li1+,O2-,Li7Tb3(RuO6)2,3692.444674981404
Er3+,Rh4+,Li1+,O2-,Li7Er3(RhO6)2,3693.500770644184
Gd3+,Ru4+,Li1+,O2-,Li7Gd3(RuO6)2,3695.700831235761
Ho3+,Rh4+,Li1+,O2-,Li7Ho3(RhO6)2,3697.906104767691
Y3+,Rh4+,Li1+,O2-,Li7Y3(RhO6)2,3702.123849762803
Dy3+,Rh4+,Li1+,O2-,Li7Dy3(RhO6)2,3702.5740054404646
Eu3+,Ru4+,Li1+,O2-,Li7Eu3(RuO6)2,3706.213294773116
Sm3+,Ru4+,Li1+,O2-,Li7Sm3(RuO6)2,3709.47699921168
Tb3+,Rh4+,Li1+,O2-,Li7Tb3(RhO6)2,3709.573794812932
Lu3+,Pd4+,Li1+,O2-,Li7Lu3(PdO6)2,3710.413700700221
Gd3+,Rh4+,Li1+,O2-,Li7Gd3(RhO6)2,3712.910699535409
Yb3+,Pd4+,Li1+,O2-,Li7Yb3(PdO6)2,3714.042139972061
Ta5+,Li1+,Li1+,O2-,Li3TaO4,3717.541011635391
Mn3+,Pd4+,Li1+,O2-,Li7Mn3(PdO6)2,3719.380501169028
Mn5+,Pd1+,Li1+,O2-,Li7Mn3(PdO6)2,3719.380501169028
Tm3+,Pd4+,Li1+,O2-,Li7Tm3(PdO6)2,3721.91884020039
Nd3+,Ru4+,Li1+,O2-,Li7Nd3(RuO6)2,3722.254878600137
Eu3+,Rh4+,Li1+,O2-,Li7Eu3(RhO6)2,3723.6828630668792
Er3+,Pd4+,Li1+,O2-,Li7Er3(PdO6)2,3725.19097635168
Sm3+,Rh4+,Li1+,O2-,Li7Sm3(RhO6)2,3727.026884885837
Pr3+,Ru4+,Li1+,O2-,Li7Pr3(RuO6)2,3729.44708936553
Ho3+,Pd4+,Li1+,O2-,Li7Ho3(PdO6)2,3729.797134974507
Ce3+,Ru4+,Li1+,O2-,Li7Ce3(RuO6)2,3731.179172713893
Zr3+,Pd4+,Li1+,O2-,Li7Zr3(PdO6)2,3733.131084685593
La3+,Ru4+,Li1+,O2-,Li7La3(RuO6)2,3733.846251369837
Dy3+,Pd4+,Li1+,O2-,Li7Dy3(PdO6)2,3734.6772806779054
Ti3+,Pd4+,Li1+,O2-,Li7Ti3(PdO6)2,3739.4733985817584
Nd3+,Rh4+,Li1+,O2-,Li7Nd3(RhO6)2,3740.1178091466345
Tb3+,Pd4+,Li1+,O2-,Li7Tb3(PdO6)2,3741.994285396994
Y3+,Pd4+,Li1+,O2-,Li7Y3(PdO6)2,3744.073863131804
Lu3+,Nb4+,Li1+,O2-,Li7Lu3Nb2O12,3744.8032214156897
Gd3+,Pd4+,Li1+,O2-,Li7Gd3(PdO6)2,3745.4819644999225
Nb3+,Pb4+,Li1+,O2-,Li7Nb3(PbO6)2,3747.150266658758
Pr3+,Rh4+,Li1+,O2-,Li7Pr3(RhO6)2,3747.485234240052
Yb3+,Nb4+,Li1+,O2-,Li7Yb3Nb2O12,3748.745641200155
Ce3+,Rh4+,Li1+,O2-,Li7Ce3(RhO6)2,3749.2594077939048
Bi3+,Pb4+,Li1+,O2-,Li7Bi3(PbO6)2,3750.331728710272
La3+,Rh4+,Li1+,O2-,Li7La3(RhO6)2,3751.991216711073
Ta3+,Cr4+,Li1+,O2-,Li7Ta3Cr2O12,3754.812448426084
Eu3+,Pd4+,Li1+,O2-,Li7Eu3(PdO6)2,3756.738887585095
Tm3+,Nb4+,Li1+,O2-,Li7Tm3Nb2O12,3757.308522989708
Sm3+,Pd4+,Li1+,O2-,Li7Sm3(PdO6)2,3760.232782804374
Er3+,Nb4+,Li1+,O2-,Li7Er3Nb2O12,3760.8675595868494
Ho3+,Nb4+,Li1+,O2-,Li7Ho3Nb2O12,3765.879424330127
Dy3+,Nb4+,Li1+,O2-,Li7Dy3Nb2O12,3771.1917558449104
Nd3+,Pd4+,Li1+,O2-,Li7Nd3(PdO6)2,3773.907634612724
Mn3+,Nb4+,Li1+,O2-,Li7Mn3Nb2O12,3775.125603068484
Tb3+,Nb4+,Li1+,O2-,Li7Tb3Nb2O12,3779.161283074264
Zr3+,Nb4+,Li1+,O2-,Li7Zr3Nb2O12,3780.7388621415134
Pr3+,Pd4+,Li1+,O2-,Li7Pr3(PdO6)2,3781.6017367032937
Gd3+,Nb4+,Li1+,O2-,Li7Gd3Nb2O12,3782.961903063585
Ce3+,Pd4+,Li1+,O2-,Li7Ce3(PdO6)2,3783.454368540474
La3+,Pd4+,Li1+,O2-,Li7La3(PdO6)2,3786.306825456672
Y3+,Nb4+,Li1+,O2-,Li7Y3Nb2O12,3792.586026482863
Eu3+,Nb4+,Li1+,O2-,Li7Eu3Nb2O12,3795.237318898565
Ti3+,Nb4+,Li1+,O2-,Li7Ti3Nb2O12,3798.245874918306
Sm3+,Nb4+,Li1+,O2-,Li7Sm3Nb2O12,3799.049953197397
Ta5+,P1+,Li1+,O2-,Li7Ta3(PO6)2,3810.92299309206
Ta3+,P4+,Li1+,O2-,Li7Ta3(PO6)2,3810.92299309206
Nd3+,Nb4+,Li1+,O2-,Li7Nd3Nb2O12,3813.9842864062903
Na1+,Ru7+,Li1+,O2-,Na3Li7(RuO6)2,3814.164546434446
Pr3+,Nb4+,Li1+,O2-,Li7Pr3Nb2O12,3822.395415907548
Ce3+,Nb4+,Li1+,O2-,Li7Ce3Nb2O12,3824.421600873826
Cr5+,Cs1+,Li1+,O2-,Cs2Li7Cr3O12,3826.327885183488
La3+,Nb4+,Li1+,O2-,Li7La3Nb2O12,3827.541959374481
Cs1+,Mn7+,Li1+,O2-,Cs3Li7Mn2O12,3857.773579825503
K1+,I7+,Li1+,O2-,K3Li7(IO6)2,3862.892249333332
Co1+,Ru7+,Li1+,O2-,Li7Co3(RuO6)2,3865.158601130778
Co3+,Ru4+,Li1+,O2-,Li7Co3(RuO6)2,3865.158601130778
Cs1+,Re7+,Li1+,O2-,Cs3Li7(ReO6)2,3875.938293301843
Co3+,Rh4+,Li1+,O2-,Li7Co3(RhO6)2,3889.515528228183
Ta3+,W4+,Li1+,O2-,Li7Ta3(WO6)2,3897.7689720048097
Fe5+,Tl1+,Li1+,O2-,Li7Tl2(FeO4)3,3907.046604317346
Co3+,Pd4+,Li1+,O2-,Li7Co3(PdO6)2,3935.360825976497
Cs1+,Cl7+,Li1+,O2-,Cs3Li7(ClO6)2,3940.735622579863
Tl3+,Pb4+,Li1+,O2-,Li7Tl3(PbO6)2,3967.619518729039
Mn5+,Tl1+,Li1+,O2-,Li7Mn3Tl2O12,3996.3987483131937
Co3+,Nb4+,Li1+,O2-,Li7Nb2(CoO4)3,3999.675704497113
Ta3+,Te4+,Li1+,O2-,Li7Ta3(TeO6)2,4001.634386375875
Bi3+,Sn4+,Li1+,O2-,Li7Sn2(BiO4)3,4019.744945657732
Ta3+,Mo4+,Li1+,O2-,Li7Ta3(MoO6)2,4022.0049587849294
Ta5+,K1+,Li1+,O2-,K2Li7Ta3O12,4025.819538737748
Bi5+,Ag1+,Li1+,O2-,Li7Ag2(BiO4)3,4028.35001173313
Ta3+,Ta4+,Li1+,O2-,Li7Ta5O12,4053.726611760285
Rb1+,I7+,Li1+,O2-,Rb3Li7(IO6)2,4071.3866716825246
Bi3+,Hf4+,Li1+,O2-,Li7Hf2(BiO4)3,4075.012596968071
V3+,Ru4+,Li1+,O2-,Li7V3(RuO6)2,4091.694102353091
V3+,Rh4+,Li1+,O2-,Li7V3(RhO6)2,4115.6377348842725
V5+,Rh1+,Li1+,O2-,Li7V3(RhO6)2,4115.6377348842725
Ta5+,Rb1+,Li1+,O2-,Rb2Li7Ta3O12,4119.335289159099
Bi5+,In1+,Li1+,O2-,Li7In2(BiO4)3,4120.632689760901
Nb3+,Sn4+,Li1+,O2-,Li7Nb3(SnO6)2,4139.796252489728
Nb5+,Ag1+,Li1+,O2-,Li7Nb3(AgO6)2,4156.019480641571
V3+,Pd4+,Li1+,O2-,Li7V3(PdO6)2,4160.674335412308
V5+,Pd1+,Li1+,O2-,Li7V3(PdO6)2,4160.674335412308
Bi5+,Hg1+,Li1+,O2-,Li7Hg2(BiO4)3,4181.731550617522
Nb3+,Hf4+,Li1+,O2-,Li7Hf2Nb3O12,4200.646693620184
V3+,Nb4+,Li1+,O2-,Li7Nb2V3O12,4238.164856539274
Bi3+,Se4+,Li1+,O2-,Li7Bi3(SeO6)2,4253.542622149886
Bi3+,Tb4+,Li1+,O2-,Li7Tb2(BiO4)3,4257.775151878521
Bi5+,Re1+,Li1+,O2-,Li7Re2(BiO4)3,4266.897216386343
Bi3+,Re4+,Li1+,O2-,Li7Re2(BiO4)3,4266.897216386343
Cr3+,Ru4+,Li1+,O2-,Li7Cr3(RuO6)2,4270.417971629247
Bi5+,Cu1+,Li1+,O2-,Li7Cu2(BiO4)3,4275.378463784407
Tl3+,Sn4+,Li1+,O2-,Li7Tl3(SnO6)2,4275.68110040263
Bi3+,Ge4+,Li1+,O2-,Li7Ge2(BiO4)3,4282.915399965047
Nb5+,In1+,Li1+,O2-,Li7Nb3In2O12,4288.840138770933
Ta5+,Cs1+,Li1+,O2-,Cs2Li7Ta3O12,4289.391327489637
Cr5+,Rh1+,Li1+,O2-,Li7Cr3(RhO6)2,4293.1466745775215
Cr3+,Rh4+,Li1+,O2-,Li7Cr3(RhO6)2,4293.1466745775215
Bi3+,Pr4+,Li1+,O2-,Li7Pr2(BiO4)3,4294.075137103039
Bi3+,Ce4+,Li1+,O2-,Li7Ce2(BiO4)3,4295.722337471564
Bi5+,Ni1+,Li1+,O2-,Li7Ni2(BiO4)3,4302.726813616463
Bi3+,Ni4+,Li1+,O2-,Li7Ni2(BiO4)3,4302.726813616463
Tl3+,Hf4+,Li1+,O2-,Li7Hf2Tl3O12,4306.30410411348
Bi3+,Fe4+,Li1+,O2-,Li7Fe2(BiO4)3,4307.626241943769
Bi3+,Zr4+,Li1+,O2-,Li7Zr2(BiO4)3,4320.1978344122535
Li1+,Ru7+,Li1+,O2-,Li5RuO6,4324.602604117678
V5+,Tl1+,Li1+,O2-,Li7Tl2V3O12,4334.04901623831
Cr5+,Pd1+,Li1+,O2-,Li7Cr3(PdO6)2,4335.902049874296
Cr3+,Pd4+,Li1+,O2-,Li7Cr3(PdO6)2,4335.902049874296
K1+,Br7+,Li1+,O2-,K3Li7(BrO6)2,4340.999380508563
Nb5+,Hg1+,Li1+,O2-,Li7Nb3(HgO6)2,4341.7052344511
Bi5+,Mn1+,Li1+,O2-,Li7Mn2(BiO4)3,4357.989199660908
Bi3+,Mn4+,Li1+,O2-,Li7Mn2(BiO4)3,4357.989199660908
Sc3+,Ru4+,Li1+,O2-,Li7Sc3(RuO6)2,4370.050346792802
Bi3+,Ti4+,Li1+,O2-,Li7Ti2(BiO4)3,4375.667294745421
Cs1+,I7+,Li1+,O2-,Cs3Li7(IO6)2,4378.703990189315
Sc3+,Rh4+,Li1+,O2-,Li7Sc3(RhO6)2,4392.975679242326
Cr3+,Nb4+,Li1+,O2-,Li7Nb2Cr3O12,4421.10360220286
Bi3+,S4+,Li1+,O2-,Li7Bi3(SO6)2,4428.524200585842
Sc3+,Pd4+,Li1+,O2-,Li7Sc3(PdO6)2,4436.073267409834
Bi5+,Co1+,Li1+,O2-,Li7Co2(BiO4)3,4444.899840863603
Bi3+,Co4+,Li1+,O2-,Li7Co2(BiO4)3,4444.899840863603
Bi3+,Si4+,Li1+,O2-,Li7Si2(BiO4)3,4458.066108616292
Ag1+,Os7+,Li1+,O2-,Li7Ag3(OsO6)2,4462.307975360887
Ag3+,Os4+,Li1+,O2-,Li7Ag3(OsO6)2,4462.307975360887
Nb3+,Re4+,Li1+,O2-,Li7Nb3(ReO6)2,4465.289504490089
Nb5+,Re1+,Li1+,O2-,Li7Nb3(ReO6)2,4465.289504490089
Nb3+,Tb4+,Li1+,O2-,Li7Tb2Nb3O12,4465.303720371904
Cr5+,Tl1+,Li1+,O2-,Li7Tl2Cr3O12,4465.965181929948
Bi5+,Na1+,Li1+,O2-,Na2Li7(BiO4)3,4471.479322517894
Rb1+,Br7+,Li1+,O2-,Rb3Li7(BrO6)2,4478.0706562450905
Ag3+,Ir4+,Li1+,O2-,Li7Ag3(IrO6)2,4481.73642847324
Tl3+,Re4+,Li1+,O2-,Li7Tl3(ReO6)2,4497.4356186799305
Tl1+,Re7+,Li1+,O2-,Li7Tl3(ReO6)2,4497.4356186799305
Tl3+,Tb4+,Li1+,O2-,Li7Tb2Tl3O12,4498.942897986343
Nb3+,Se4+,Li1+,O2-,Li7Nb3(SeO6)2,4507.904389088704
Ag3+,Pt4+,Li1+,O2-,Li7Ag3(PtO6)2,4509.484169579288
Nb3+,Pr4+,Li1+,O2-,Li7Pr2Nb3O12,4526.717265692344
Sc3+,Nb4+,Li1+,O2-,Li7Sc3Nb2O12,4529.304706064582
Nb3+,Ce4+,Li1+,O2-,Li7Ce2Nb3O12,4529.54257404973
Tl3+,Se4+,Li1+,O2-,Li7Tl3(SeO6)2,4532.77863869282
Tl3+,Pr4+,Li1+,O2-,Li7Pr2Tl3O12,4543.336970353443
Tl3+,Ce4+,Li1+,O2-,Li7Ce2Tl3O12,4545.352237205188
Bi3+,V4+,Li1+,O2-,Li7V2(BiO4)3,4547.238509434663
Bi5+,N1+,Li1+,O2-,Li7Bi3(NO6)2,4551.154818843364
Nb5+,Cu1+,Li1+,O2-,Li7Nb3(CuO6)2,4553.634727615458
Nb3+,Ge4+,Li1+,O2-,Li7Nb3(GeO6)2,4557.5055869209455
Tl3+,Ge4+,Li1+,O2-,Li7Tl3(GeO6)2,4566.089948876372
Bi3+,W4+,Li1+,O2-,Li7Bi3(WO6)2,4568.271074910076
Bi5+,C1+,Li1+,O2-,Li7Bi3(CO6)2,4569.294404842663
Bi3+,C4+,Li1+,O2-,Li7Bi3(CO6)2,4569.294404842663
Ta3+,Ru4+,Li1+,O2-,Li7Ta3(RuO6)2,4589.081827142451
Tl3+,Zr4+,Li1+,O2-,Li7Zr2Tl3O12,4593.711049755269
Tl3+,Ni4+,Li1+,O2-,Li7Tl3(NiO6)2,4594.316284400482
Nb3+,Zr4+,Li1+,O2-,Li7Zr2Nb3O12,4598.744715580805
Nb5+,Ni1+,Li1+,O2-,Li7Nb3(NiO6)2,4600.182237472446
Nb3+,Ni4+,Li1+,O2-,Li7Nb3(NiO6)2,4600.182237472446
Tl3+,Fe4+,Li1+,O2-,Li7Tl3(FeO6)2,4601.006329164405
Ta5+,Rh1+,Li1+,O2-,Li7Ta3(RhO6)2,4601.739575504468
Ta3+,Rh4+,Li1+,O2-,Li7Ta3(RhO6)2,4601.739575504468
Hg1+,Os7+,Li1+,O2-,Li7Hg3(OsO6)2,4602.29775718186
In3+,Os4+,Li1+,O2-,Li7In3(OsO6)2,4610.2375799823885
In1+,Os7+,Li1+,O2-,Li7In3(OsO6)2,4610.2375799823885
Nb3+,Fe4+,Li1+,O2-,Li7Nb3(FeO6)2,4610.47103614843
Bi3+,Cr4+,Li1+,O2-,Li7Cr2(BiO4)3,4619.676829918523
Ta5+,Pd1+,Li1+,O2-,Li7Ta3(PdO6)2,4625.715535641858
Ta3+,Pd4+,Li1+,O2-,Li7Ta3(PdO6)2,4625.715535641858
In3+,Ir4+,Li1+,O2-,Li7In3(IrO6)2,4628.641817706581
Tl1+,Mn7+,Li1+,O2-,Li7Mn2Tl3O12,4652.642354919847
Tl3+,Mn4+,Li1+,O2-,Li7Mn2Tl3O12,4652.642354919847
In3+,Pt4+,Li1+,O2-,Li7In3(PtO6)2,4654.932548319743
Ta5+,Tl1+,Li1+,O2-,Li7Ta3Tl2O12,4665.945852055601
Bi5+,Li1+,Li1+,O2-,Li3BiO4,4674.380958539965
Tl3+,Ti4+,Li1+,O2-,Li7Ti2Tl3O12,4674.966036089637
Ta3+,Nb4+,Li1+,O2-,Li7Ta3Nb2O12,4684.991707903605
Nb5+,Mn1+,Li1+,O2-,Li7Mn2Nb3O12,4689.580884988395
Nb3+,Mn4+,Li1+,O2-,Li7Mn2Nb3O12,4689.580884988395
Lu3+,Os4+,Li1+,O2-,Li7Lu3(OsO6)2,4703.070961431864
Bi3+,P4+,Li1+,O2-,Li7Bi3(PO6)2,4709.832833887336
Bi5+,P1+,Li1+,O2-,Li7Bi3(PO6)2,4709.832833887336
Yb3+,Os4+,Li1+,O2-,Li7Yb3(OsO6)2,4711.1990792869565
Bi3+,Ta4+,Li1+,O2-,Li7Ta2(BiO4)3,4716.715142227278
Lu3+,Ir4+,Li1+,O2-,Li7Lu3(IrO6)2,4718.266344602226
Nb3+,Ti4+,Li1+,O2-,Li7Ti2Nb3O12,4724.892673228202
Yb3+,Ir4+,Li1+,O2-,Li7Yb3(IrO6)2,4726.443008676083
Tm3+,Os4+,Li1+,O2-,Li7Tm3(OsO6)2,4728.795274176731
Bi3+,Te4+,Li1+,O2-,Li7Bi3(TeO6)2,4731.530807742975
Er3+,Os4+,Li1+,O2-,Li7Er3(OsO6)2,4736.085619666539
Tl3+,Co4+,Li1+,O2-,Li7Tl3(CoO6)2,4738.363452039005
Tl3+,S4+,Li1+,O2-,Li7Tl3(SO6)2,4738.922680666773
Lu3+,Pt4+,Li1+,O2-,Li7Lu3(PtO6)2,4740.007258260468
Tm3+,Ir4+,Li1+,O2-,Li7Tm3(IrO6)2,4744.143317481264
Ho3+,Os4+,Li1+,O2-,Li7Ho3(OsO6)2,4746.328893102032
Yb3+,Pt4+,Li1+,O2-,Li7Yb3(PtO6)2,4748.252451281791
Cs1+,Br7+,Li1+,O2-,Cs3Li7(BrO6)2,4749.111998892837
Tl1+,Cl7+,Li1+,O2-,Li7Tl3(ClO6)2,4749.865433489102
Er3+,Ir4+,Li1+,O2-,Li7Er3(IrO6)2,4751.476405380661
Dy3+,Os4+,Li1+,O2-,Li7Dy3(OsO6)2,4757.1569374414885
Ho3+,Ir4+,Li1+,O2-,Li7Ho3(IrO6)2,4761.779344463584
Tm3+,Pt4+,Li1+,O2-,Li7Tm3(PtO6)2,4766.099691070399
Tl3+,Si4+,Li1+,O2-,Li7Tl3(SiO6)2,4771.627442423112
Dy3+,Ir4+,Li1+,O2-,Li7Dy3(IrO6)2,4772.669965981546
Tb3+,Os4+,Li1+,O2-,Li7Tb3(OsO6)2,4773.344778179328
Er3+,Pt4+,Li1+,O2-,Li7Er3(PtO6)2,4773.493083771765
Gd3+,Os4+,Li1+,O2-,Li7Gd3(OsO6)2,4781.040965060251
Ho3+,Pt4+,Li1+,O2-,Li7Ho3(PtO6)2,4783.880189074964
Tb3+,Ir4+,Li1+,O2-,Li7Tb3(IrO6)2,4788.950411006237
Bi3+,Mo4+,Li1+,O2-,Li7Bi3(MoO6)2,4793.909954776332
Dy3+,Pt4+,Li1+,O2-,Li7Dy3(PtO6)2,4794.85906433261
Gd3+,Ir4+,Li1+,O2-,Li7Gd3(IrO6)2,4796.690226282086
Tl3+,W4+,Li1+,O2-,Li7Tl3(WO6)2,4803.1059111451295
Eu3+,Os4+,Li1+,O2-,Li7Eu3(OsO6)2,4805.794573063959
Tb3+,Pt4+,Li1+,O2-,Li7Tb3(PtO6)2,4811.270073326186
Sm3+,Os4+,Li1+,O2-,Li7Sm3(OsO6)2,4813.45069832681
Gd3+,Pt4+,Li1+,O2-,Li7Gd3(PtO6)2,4819.071384995054
Nb3+,Co4+,Li1+,O2-,Li7Nb3(CoO6)2,4819.8314321339485
Nb5+,Co1+,Li1+,O2-,Li7Nb3(CoO6)2,4819.8314321339485
Eu3+,Ir4+,Li1+,O2-,Li7Eu3(IrO6)2,4821.582417265225
Nb3+,S4+,Li1+,O2-,Li7Nb3(SO6)2,4828.214781392228
Sm3+,Ir4+,Li1+,O2-,Li7Sm3(IrO6)2,4829.280867522888
Nd3+,Os4+,Li1+,O2-,Li7Nd3(OsO6)2,4843.294781440051
Eu3+,Pt4+,Li1+,O2-,Li7Eu3(PtO6)2,4844.158846381294
Tl3+,V4+,Li1+,O2-,Li7Tl3V2O12,4847.087475919899
Sm3+,Pt4+,Li1+,O2-,Li7Sm3(PtO6)2,4851.916913209293
Nd3+,Ir4+,Li1+,O2-,Li7Nd3(IrO6)2,4859.287510973872
Pr3+,Os4+,Li1+,O2-,Li7Pr3(OsO6)2,4860.001896982816
Ce3+,Os4+,Li1+,O2-,Li7Ce3(OsO6)2,4864.015691368768
La3+,Os4+,Li1+,O2-,Li7La3(OsO6)2,4870.188799930187
Pr3+,Ir4+,Li1+,O2-,Li7Pr3(IrO6)2,4876.083944750434
Ce3+,Ir4+,Li1+,O2-,Li7Ce3(IrO6)2,4880.119017167071
Nb3+,Si4+,Li1+,O2-,Li7Nb3(SiO6)2,4881.160659755748
Nd3+,Pt4+,Li1+,O2-,Li7Nd3(PtO6)2,4882.152432904318
Nb3+,W4+,Li1+,O2-,Li7Nb3(WO6)2,4886.039607659681
La3+,Ir4+,Li1+,O2-,Li7La3(IrO6)2,4886.324714534294
Bi5+,K1+,Li1+,O2-,K2Li7(BiO4)3,4890.174952861192
Tl3+,C4+,Li1+,O2-,Li7Tl3(CO6)2,4896.088253264508
Bi5+,Rb1+,Li1+,O2-,Rb2Li7(BiO4)3,4898.926541561776
Pr3+,Pt4+,Li1+,O2-,Li7Pr3(PtO6)2,4899.074554276898
Ce3+,Pt4+,Li1+,O2-,Li7Ce3(PtO6)2,4903.139561588962
La3+,Pt4+,Li1+,O2-,Li7La3(PtO6)2,4909.391100818613
Nb5+,Na1+,Li1+,O2-,Na2Li7Nb3O12,4910.464676368131
Tl3+,Cr4+,Li1+,O2-,Li7Tl3Cr2O12,4919.908555917954
K1+,Ru7+,Li1+,O2-,K3Li7(RuO6)2,4931.486762758192
Rb1+,Ru7+,Li1+,O2-,Rb3Li7(RuO6)2,4942.765738570826
Tl3+,Ta4+,Li1+,O2-,Li7Ta2Tl3O12,4954.351480924067
Tl1+,I7+,Li1+,O2-,Li7Tl3(IO6)2,4969.414937974535
Nb3+,V4+,Li1+,O2-,Li7Nb3V2O12,4989.186311501588
Bi5+,Cs1+,Li1+,O2-,Cs2Li7(BiO4)3,4991.101374481576
Tl3+,Te4+,Li1+,O2-,Li7Tl3(TeO6)2,4992.215602125184
Zr3+,Os4+,Li1+,O2-,Li7Zr3(OsO6)2,5000.263772088397
Zr3+,Ir4+,Li1+,O2-,Li7Zr3(IrO6)2,5018.392857659485
Y3+,Os4+,Li1+,O2-,Li7Y3(OsO6)2,5019.066786661919
Tl3+,P4+,Li1+,O2-,Li7Tl3(PO6)2,5025.20801194461
Y3+,Ir4+,Li1+,O2-,Li7Y3(IrO6)2,5037.253462043249
Zr3+,Pt4+,Li1+,O2-,Li7Zr3(PtO6)2,5044.270149768946
Nb5+,N1+,Li1+,O2-,Li7Nb3(NO6)2,5055.243103051543
Y3+,Pt4+,Li1+,O2-,Li7Y3(PtO6)2,5063.210774655534
Fe3+,Os4+,Li1+,O2-,Li7Fe3(OsO6)2,5068.380069969266
Tl3+,Mo4+,Li1+,O2-,Li7Tl3(MoO6)2,5071.204054438286
Fe3+,Ir4+,Li1+,O2-,Li7Fe3(IrO6)2,5088.5954278146655
Nb3+,C4+,Li1+,O2-,Li7Nb3(CO6)2,5088.712364422065
Nb5+,C1+,Li1+,O2-,Li7Nb3(CO6)2,5088.712364422065
Nb3+,Ta4+,Li1+,O2-,Li7Ta2Nb3O12,5095.230236859118
Nb3+,Cr4+,Li1+,O2-,Li7Nb3Cr2O12,5100.599138951341
Fe3+,Pt4+,Li1+,O2-,Li7Fe3(PtO6)2,5117.409018458121
Cs1+,Ru7+,Li1+,O2-,Cs3Li7(RuO6)2,5121.57684811499
Mn1+,Os7+,Li1+,O2-,Li7Mn3(OsO6)2,5164.971583427905
Mn3+,Os4+,Li1+,O2-,Li7Mn3(OsO6)2,5164.971583427905
Nb3+,Te4+,Li1+,O2-,Li7Nb3(TeO6)2,5168.851789519557
Mn3+,Ir4+,Li1+,O2-,Li7Mn3(IrO6)2,5184.770582975139
Mn3+,Pt4+,Li1+,O2-,Li7Mn3(PtO6)2,5212.98953676058
Ti3+,Os4+,Li1+,O2-,Li7Ti3(OsO6)2,5220.764311818047
Ti3+,Ir4+,Li1+,O2-,Li7Ti3(IrO6)2,5240.821280048212
Bi5+,Tl1+,Li1+,O2-,Li7Tl2(BiO4)3,5264.246005367443
Ti3+,Pt4+,Li1+,O2-,Li7Ti3(PtO6)2,5269.398235007274
Nb5+,Li1+,Li1+,O2-,Li3NbO4,5272.308931373279
Nb3+,P4+,Li1+,O2-,Li7Nb3(PO6)2,5279.554878117933
Nb5+,P1+,Li1+,O2-,Li7Nb3(PO6)2,5279.554878117933
Nb3+,Mo4+,Li1+,O2-,Li7Nb3(MoO6)2,5300.711283717147
Bi3+,Ru4+,Li1+,O2-,Li7Bi3(RuO6)2,5308.998832340339
Co1+,Os7+,Li1+,O2-,Li7Co3(OsO6)2,5313.859856016007
Co3+,Os4+,Li1+,O2-,Li7Co3(OsO6)2,5313.859856016007
Tl1+,Br7+,Li1+,O2-,Li7Tl3(BrO6)2,5316.241665208902
Bi3+,Rh4+,Li1+,O2-,Li7Bi3(RhO6)2,5318.202569195738
Bi5+,Rh1+,Li1+,O2-,Li7Bi3(RhO6)2,5318.202569195738
Co3+,Ir4+,Li1+,O2-,Li7Co3(IrO6)2,5332.624971707102
Bi3+,Pd4+,Li1+,O2-,Li7Bi3(PdO6)2,5335.650768585686
Bi5+,Pd1+,Li1+,O2-,Li7Bi3(PdO6)2,5335.650768585686
Co3+,Pt4+,Li1+,O2-,Li7Co3(PtO6)2,5359.375263780961
Bi3+,Nb4+,Li1+,O2-,Li7Nb2(BiO4)3,5408.410424441348
Ta3+,Os4+,Li1+,O2-,Li7Ta3(OsO6)2,5471.250000773272
Nb5+,Rb1+,Li1+,O2-,Rb2Li7Nb3O12,5474.086869080762
Ta3+,Ir4+,Li1+,O2-,Li7Ta3(IrO6)2,5483.597956956117
Ta3+,Pt4+,Li1+,O2-,Li7Ta3(PtO6)2,5501.267180340034
Na1+,Os7+,Li1+,O2-,Na3Li7(OsO6)2,5502.438171874667
V3+,Os4+,Li1+,O2-,Li7V3(OsO6)2,5533.0774400628125
Nb5+,Cs1+,Li1+,O2-,Cs2Li7Nb3O12,5537.639973735354
Nb5+,K1+,Li1+,O2-,K2Li7Nb3O12,5549.507117659823
V3+,Ir4+,Li1+,O2-,Li7V3(IrO6)2,5551.300958052593
V3+,Pt4+,Li1+,O2-,Li7V3(PtO6)2,5577.26951297283
Tl1+,Ru7+,Li1+,O2-,Li7Tl3(RuO6)2,5590.326296890611
Tl3+,Ru4+,Li1+,O2-,Li7Tl3(RuO6)2,5590.326296890611
Tl3+,Rh4+,Li1+,O2-,Li7Tl3(RhO6)2,5598.675114603903
Tl3+,Pd4+,Li1+,O2-,Li7Tl3(PdO6)2,5614.500533814152
Cr3+,Os4+,Li1+,O2-,Li7Cr3(OsO6)2,5664.9171760969775
Cr3+,Ir4+,Li1+,O2-,Li7Cr3(IrO6)2,5682.396026848072
Tl3+,Nb4+,Li1+,O2-,Li7Nb2Tl3O12,5695.475332484254
Cr3+,Pt4+,Li1+,O2-,Li7Cr3(PtO6)2,5707.304685777099
Sc3+,Os4+,Li1+,O2-,Li7Sc3(OsO6)2,5780.009331723346
Sc3+,Ir4+,Li1+,O2-,Li7Sc3(IrO6)2,5797.372094589229
Sc3+,Pt4+,Li1+,O2-,Li7Sc3(PtO6)2,5822.106791730516
Nb5+,Tl1+,Li1+,O2-,Li7Nb3Tl2O12,5829.085230338365
Li1+,Os7+,Li1+,O2-,Li5OsO6,5997.706051822913
Bi3+,Os4+,Li1+,O2-,Li7Bi3(OsO6)2,6028.853804665295
Cs1+,Os7+,Li1+,O2-,Cs3Li7(OsO6)2,6035.311382822967
Bi3+,Ir4+,Li1+,O2-,Li7Bi3(IrO6)2,6038.6023459309645
Rb1+,Os7+,Li1+,O2-,Rb3Li7(OsO6)2,6041.038553834595
Bi3+,Pt4+,Li1+,O2-,Li7Bi3(PtO6)2,6052.55973456077
Nb3+,Ru4+,Li1+,O2-,Li7Nb3(RuO6)2,6057.214255720657
Nb3+,Rh4+,Li1+,O2-,Li7Nb3(RhO6)2,6067.049959348234
Nb5+,Rh1+,Li1+,O2-,Li7Nb3(RhO6)2,6067.049959348234
Nb5+,Pd1+,Li1+,O2-,Li7Nb3(PdO6)2,6085.607510508867
Nb3+,Pd4+,Li1+,O2-,Li7Nb3(PdO6)2,6085.607510508867
Nb3+,Nb4+,Li1+,O2-,Li7Nb5O12,6223.0459656250205
K1+,Os7+,Li1+,O2-,K3Li7(OsO6)2,6239.407520735515
Tl3+,Os4+,Li1+,O2-,Li7Tl3(OsO6)2,6277.578033587542
Tl1+,Os7+,Li1+,O2-,Li7Tl3(OsO6)2,6277.578033587542
Tl3+,Ir4+,Li1+,O2-,Li7Tl3(IrO6)2,6286.636855853551
Tl3+,Pt4+,Li1+,O2-,Li7Tl3(PtO6)2,6299.6056267328095
Nb3+,Os4+,Li1+,O2-,Li7Nb3(OsO6)2,6907.379249824403
Nb3+,Ir4+,Li1+,O2-,Li7Nb3(IrO6)2,6917.020897788676
Nb3+,Pt4+,Li1+,O2-,Li7Nb3(PtO6)2,6930.784127238313
